tipo_de_pan,peso_en_gramos,cantidad_de_harina_en_gramos,cantidad_de_levadura_en_gramos,cantidad_de_sal_en_gramos,costo_de_los_ingredientes_en_usd,costo_mano_de_obra_en_usd,costo_de_gastos_generales_en_usd,precio_de_venta_en_usd,precio_COP_trigo_x_tonelada,IPC_%_,TRM,fecha
Centeno,550,350,8,10,3.55,1.76,0.23,7.19,1279532.13,2.74,3450.49,2022-01-01
Centeno,550,550,16,13,1.0,1.08,0.58,4.82,1343939.75,2.91,3300.33,2022-01-02
Integral,400,650,18,7,0.57,1.78,1.49,5.25,1482485.57,2.23,3179.06,2022-01-03
Centeno,950,500,13,6,1.66,1.93,0.94,7.67,1084849.22,2.67,3939.14,2022-01-04
Centeno,450,650,6,6,0.88,0.93,1.4,5.36,1047553.95,3.2,3084.79,2022-01-05
Centeno,300,400,15,8,1.68,1.07,0.22,5.17,1423007.13,3.61,3199.47,2022-01-06
Multigrano,700,400,17,9,3.77,1.91,0.79,8.49,1179858.31,2.52,3754.42,2022-01-07
Centeno,500,400,10,13,3.11,0.55,0.93,6.5,1087264.81,3.56,3694.78,2022-01-08
Avena,400,350,16,8,1.83,1.41,0.34,5.79,1223732.18,1.56,3293.51,2022-01-09
Multigrano,950,200,13,10,1.92,1.83,0.62,5.73,1130107.0,1.11,3839.94,2022-01-10
Centeno,450,300,13,7,1.61,0.61,1.45,6.24,1144767.55,2.29,3735.83,2022-01-11
Centeno,550,200,18,5,3.92,2.14,1.07,9.59,1331061.12,3.99,3264.31,2022-01-12
Blanco,850,350,7,13,1.62,1.59,0.46,5.45,1368003.52,2.55,3548.49,2022-01-13
Avena,850,650,8,10,1.7,1.35,1.42,6.12,1361756.3,3.4,3946.02,2022-01-14
Avena,850,200,7,9,2.36,0.7,0.22,5.38,1274099.03,3.99,3549.02,2022-01-15
Avena,650,450,16,9,1.14,2.43,0.16,5.5,1496817.84,2.58,3440.54,2022-01-16
Blanco,950,200,11,7,1.42,1.56,1.07,5.66,1350133.33,3.85,3867.2,2022-01-17
Blanco,700,400,13,7,3.58,2.01,0.62,9.0,1478413.12,1.25,3506.27,2022-01-18
Avena,800,450,18,8,2.96,1.77,1.44,6.97,1333657.07,3.33,3361.34,2022-01-19
Centeno,850,550,8,6,1.26,1.74,0.69,5.42,1141003.6,3.22,3332.18,2022-01-20
Avena,550,250,16,6,0.95,1.78,0.3,5.3,1490817.7,2.53,3881.64,2022-01-21
Blanco,750,500,6,11,0.54,0.51,0.23,3.19,1017227.07,2.75,3432.03,2022-01-22
Blanco,400,250,10,7,2.13,0.75,0.15,5.2,1444571.11,2.63,3163.82,2022-01-23
Centeno,800,350,19,11,2.17,1.42,0.47,5.84,1292698.68,3.48,3407.68,2022-01-24
Blanco,350,200,17,12,1.86,1.75,0.52,5.53,1442022.18,3.68,3435.47,2022-01-25
Avena,700,250,11,14,3.81,1.06,0.55,8.64,1016254.55,3.51,3133.56,2022-01-26
Avena,600,500,15,6,2.91,2.12,0.43,7.19,1411025.72,3.49,3922.69,2022-01-27
Avena,400,550,13,9,1.65,1.97,0.98,7.05,1480265.89,3.85,3898.09,2022-01-28
Blanco,950,650,15,6,3.41,2.25,1.25,8.25,1244772.82,1.11,3388.96,2022-01-29
Avena,400,300,12,10,0.55,1.23,0.78,4.65,1092131.39,2.28,3847.48,2022-01-30
Avena,600,350,15,12,1.24,2.0,1.38,6.95,1290253.24,2.18,3390.51,2022-01-31
Multigrano,450,600,7,5,1.67,2.23,1.1,7.6,1375734.69,3.38,3065.11,2022-02-01
Multigrano,550,550,5,9,2.96,2.42,0.77,8.7,1336788.35,2.6,3436.26,2022-02-02
Avena,650,500,9,11,3.78,2.1,0.31,8.12,1440583.02,1.81,3892.47,2022-02-03
Integral,400,250,8,11,3.68,1.28,1.46,8.93,1197901.02,3.19,3376.38,2022-02-04
Multigrano,650,350,15,7,0.67,2.45,0.52,6.42,1450239.77,1.71,3024.1,2022-02-05
Blanco,400,550,5,9,1.85,0.82,0.75,5.51,1336600.73,1.4,3652.55,2022-02-06
Multigrano,400,400,11,12,2.27,0.58,1.17,5.44,1148846.35,1.41,3818.4,2022-02-07
Blanco,450,400,8,12,0.96,0.94,1.05,4.64,1364077.52,2.96,3911.09,2022-02-08
Integral,950,500,8,11,1.54,1.87,0.21,4.74,1119969.98,3.8,3508.9,2022-02-09
Centeno,950,500,14,5,2.66,2.04,0.35,6.37,1296388.03,2.84,3866.7,2022-02-10
Blanco,900,450,16,13,1.99,1.54,0.71,5.99,1020222.79,1.68,3631.55,2022-02-11
Integral,450,400,9,5,1.35,1.39,0.6,5.85,1394444.71,2.7,3874.89,2022-02-12
Blanco,450,550,15,9,1.94,2.15,1.24,6.35,1371621.71,2.7,3836.92,2022-02-13
Centeno,800,200,19,12,3.93,0.84,1.26,8.33,1430039.25,2.64,3665.99,2022-02-14
Integral,400,550,12,6,1.4,0.8,0.16,4.69,1384343.09,3.54,3812.56,2022-02-15
Integral,400,550,6,10,2.85,1.22,1.11,7.03,1319315.52,1.98,3709.41,2022-02-16
Centeno,400,550,5,11,2.52,1.17,0.2,4.99,1340905.94,1.39,3452.55,2022-02-17
Integral,850,450,11,7,2.67,1.33,1.05,6.87,1335152.29,3.62,3014.09,2022-02-18
Multigrano,550,600,15,13,3.86,1.23,0.61,7.51,1345617.0,1.85,3278.66,2022-02-19
Blanco,950,650,11,7,0.58,1.18,0.68,4.27,1331516.51,2.99,3871.81,2022-02-20
Avena,450,350,13,5,0.62,2.02,0.89,5.74,1285207.4,1.08,3504.27,2022-02-21
Blanco,950,300,14,13,3.04,1.61,0.48,6.16,1077613.14,1.91,3374.71,2022-02-22
Integral,400,650,11,10,3.43,1.12,1.12,7.69,1291563.26,3.72,3547.03,2022-02-23
Centeno,750,650,5,13,1.13,0.55,0.32,3.16,1267416.02,1.81,3867.12,2022-02-24
Multigrano,300,250,14,7,3.91,2.34,0.78,9.56,1235927.46,1.7,3773.16,2022-02-25
Centeno,500,400,7,10,2.59,1.83,0.53,6.8,1153023.62,1.37,3051.94,2022-02-26
Blanco,500,650,17,5,1.82,0.8,0.42,5.47,1093872.36,3.64,3396.14,2022-02-27
Multigrano,400,600,12,7,0.82,1.56,0.25,5.26,1170155.5,1.39,3603.31,2022-02-28
Multigrano,700,250,9,12,2.06,1.92,0.24,6.02,1295102.78,1.29,3542.58,2022-03-01
Multigrano,500,200,5,8,1.22,1.82,0.93,6.08,1394471.17,1.94,3392.12,2022-03-02
Blanco,450,200,8,6,3.24,1.57,1.15,7.72,1438351.99,3.88,3500.76,2022-03-03
Multigrano,750,450,15,8,2.06,0.78,1.07,6.08,1226790.75,1.48,3452.69,2022-03-04
Centeno,800,200,15,13,1.88,2.0,0.7,6.86,1254057.65,2.96,3859.61,2022-03-05
Centeno,800,200,6,8,1.99,0.65,1.35,5.29,1370177.22,3.72,3137.9,2022-03-06
Avena,500,650,6,11,1.68,2.08,1.41,7.0,1087569.87,3.58,3696.06,2022-03-07
Blanco,800,550,9,14,1.6,1.09,1.25,6.4,1032807.51,1.86,3427.18,2022-03-08
Centeno,300,450,9,11,1.4,1.96,0.92,6.75,1077102.47,2.9,3691.6,2022-03-09
Blanco,950,650,11,10,1.41,2.25,0.7,6.47,1213024.44,3.92,3223.32,2022-03-10
Blanco,900,550,5,11,1.83,0.86,1.39,7.47,1026704.01,1.96,3367.45,2022-03-11
Centeno,600,400,7,11,2.7,0.7,0.93,5.64,1030077.42,2.0,3566.39,2022-03-12
Avena,650,450,9,12,1.75,0.92,1.13,4.91,1070842.07,3.83,3299.11,2022-03-13
Centeno,600,500,7,8,1.37,2.37,1.42,7.3,1322257.08,3.65,3852.18,2022-03-14
Multigrano,850,500,6,13,2.03,0.77,0.74,6.51,1065643.41,3.78,3361.01,2022-03-15
Integral,650,650,12,5,3.55,1.39,0.17,7.21,1131670.42,2.67,3441.98,2022-03-16
Integral,550,200,17,5,2.83,1.82,0.5,7.02,1165584.85,2.23,3081.69,2022-03-17
Integral,750,350,11,9,0.77,2.48,1.46,6.75,1435523.29,2.91,3716.1,2022-03-18
Avena,900,300,17,9,3.98,1.81,0.38,8.44,1056118.47,2.24,3427.77,2022-03-19
Blanco,300,600,7,12,2.58,0.7,0.39,5.86,1029095.8,3.06,3128.14,2022-03-20
Multigrano,700,400,17,5,0.78,1.96,0.78,4.14,1473688.54,1.26,3112.36,2022-03-21
Avena,850,450,13,7,3.49,1.22,1.32,7.68,1398104.11,2.85,3114.83,2022-03-22
Blanco,650,550,19,11,1.49,2.22,1.41,7.07,1431569.86,1.92,3577.46,2022-03-23
Multigrano,800,200,10,9,2.44,1.28,0.97,7.07,1067836.72,1.21,3370.47,2022-03-24
Avena,300,200,11,14,2.53,1.08,0.2,5.62,1323577.06,1.79,3705.28,2022-03-25
Multigrano,700,500,15,9,0.83,2.17,1.37,6.96,1011239.95,1.79,3069.0,2022-03-26
Integral,300,250,16,8,2.63,2.01,1.03,7.82,1453198.6,2.94,3018.01,2022-03-27
Avena,750,650,10,13,3.62,2.2,0.18,8.98,1013581.05,3.59,3847.15,2022-03-28
Avena,350,550,17,8,3.44,1.47,0.23,6.95,1072594.11,1.63,3376.84,2022-03-29
Avena,550,500,11,11,1.75,1.74,0.66,6.18,1427556.77,2.31,3169.1,2022-03-30
Blanco,800,550,13,8,3.49,1.13,0.5,6.89,1271366.36,3.23,3928.12,2022-03-31
Integral,900,650,18,9,0.7,2.36,0.56,5.38,1215022.12,3.02,3880.72,2022-04-01
Centeno,300,500,18,10,3.33,2.21,0.85,7.56,1422787.42,3.94,3764.31,2022-04-02
Blanco,500,650,18,10,0.94,2.22,0.35,5.54,1191052.2,2.94,3442.7,2022-04-03
Blanco,500,200,16,8,3.76,0.82,0.24,7.06,1135230.46,3.65,3120.23,2022-04-04
Blanco,300,450,19,8,1.97,1.31,0.12,6.43,1025617.94,3.02,3449.95,2022-04-05
Blanco,450,350,12,9,1.45,1.4,0.13,3.97,1049176.7,2.18,3383.54,2022-04-06
Integral,350,250,9,10,3.58,2.35,0.27,7.55,1471721.46,2.8,3887.98,2022-04-07
Multigrano,550,650,14,5,0.76,0.65,0.11,3.12,1173111.86,1.35,3242.46,2022-04-08
Centeno,550,450,16,12,0.6,0.94,0.33,3.58,1150051.35,2.32,3546.0,2022-04-09
Multigrano,550,200,15,13,0.92,2.12,0.88,5.0,1460712.98,2.17,3406.57,2022-04-10
Blanco,350,400,14,12,2.93,1.95,1.46,7.93,1008483.05,2.81,3127.99,2022-04-11
Multigrano,800,300,11,9,3.79,0.86,0.37,7.41,1235144.86,3.8,3354.33,2022-04-12
Centeno,300,300,13,9,1.24,1.13,0.87,4.81,1308600.83,2.2,3928.77,2022-04-13
Integral,550,450,19,11,1.35,0.81,0.95,4.99,1108712.44,3.72,3239.44,2022-04-14
Integral,750,550,11,14,3.05,2.29,0.3,7.58,1442126.42,3.24,3493.68,2022-04-15
Centeno,300,500,13,14,2.16,1.18,1.12,6.07,1117705.16,2.64,3378.76,2022-04-16
Multigrano,550,250,7,12,2.3,2.49,0.8,7.23,1327919.94,1.9,3577.68,2022-04-17
Centeno,550,500,9,13,3.87,2.03,1.48,9.63,1376427.65,1.6,3752.06,2022-04-18
Avena,300,200,11,10,2.51,1.51,0.9,7.07,1115072.62,3.25,3418.65,2022-04-19
Centeno,500,550,6,13,0.58,1.61,1.38,5.71,1232388.15,1.58,3385.25,2022-04-20
Integral,300,550,10,8,2.52,2.23,1.13,7.51,1365040.86,3.78,3068.0,2022-04-21
Multigrano,450,450,12,8,2.87,0.55,0.22,5.97,1343171.42,3.1,3964.62,2022-04-22
Blanco,900,600,18,5,1.03,0.71,1.39,5.15,1028711.38,1.7,3764.77,2022-04-23
Centeno,500,450,6,11,3.22,1.33,0.41,7.39,1142497.21,2.13,3002.51,2022-04-24
Centeno,500,200,19,10,1.86,2.21,1.47,7.4,1316164.83,1.42,3552.16,2022-04-25
Multigrano,850,650,17,8,2.74,0.65,0.79,5.7,1183115.62,3.07,3231.45,2022-04-26
Integral,400,300,10,6,3.69,1.7,0.8,8.49,1274678.54,1.88,3467.7,2022-04-27
Multigrano,350,550,6,10,1.14,2.46,1.37,6.34,1124775.13,2.59,3335.94,2022-04-28
Centeno,550,550,7,14,3.54,1.77,0.69,8.15,1261644.84,3.52,3527.74,2022-04-29
Avena,450,550,19,8,1.03,1.93,0.48,4.73,1360604.15,2.15,3265.65,2022-04-30
Multigrano,950,500,14,5,3.12,1.1,1.3,8.61,1439622.51,1.3,3016.26,2022-05-01
Avena,750,450,6,14,1.77,2.44,0.5,5.43,1247350.59,3.45,3589.56,2022-05-02
Avena,350,500,16,7,1.55,1.49,1.2,5.89,1106598.99,1.29,3339.08,2022-05-03
Multigrano,450,350,15,6,2.87,1.42,1.5,6.68,1059837.44,2.3,3005.52,2022-05-04
Multigrano,550,300,12,9,3.36,1.98,1.05,8.93,1454719.86,3.71,3747.93,2022-05-05
Blanco,950,350,13,14,1.31,0.81,1.49,5.74,1480382.9,1.23,3198.63,2022-05-06
Blanco,450,300,15,11,3.2,1.43,1.49,7.97,1206753.35,1.25,3427.78,2022-05-07
Blanco,650,250,8,11,1.02,1.75,0.12,5.03,1376467.98,2.2,3572.62,2022-05-08
Multigrano,550,300,17,8,1.54,1.61,1.19,6.34,1209807.36,2.63,3344.54,2022-05-09
Integral,450,200,8,11,2.56,0.62,0.29,5.99,1259362.76,1.17,3016.54,2022-05-10
Multigrano,500,450,6,10,1.74,0.83,0.47,4.5,1071759.59,3.54,3332.04,2022-05-11
Avena,550,200,5,13,3.28,2.49,0.15,7.43,1178075.67,1.16,3119.28,2022-05-12
Blanco,800,250,7,11,2.73,1.9,0.65,7.23,1018423.79,1.23,3290.04,2022-05-13
Integral,800,650,10,7,3.83,1.35,0.61,8.18,1069151.72,1.76,3620.43,2022-05-14
Avena,350,250,16,13,1.72,0.55,1.06,4.63,1242733.29,3.6,3321.17,2022-05-15
Avena,450,450,14,5,3.86,2.41,0.35,9.25,1329430.51,1.26,3446.15,2022-05-16
Avena,750,200,14,12,0.95,1.56,0.7,4.26,1217933.57,2.24,3486.57,2022-05-17
Multigrano,600,200,13,9,3.42,1.06,0.98,7.35,1271317.82,1.65,3418.86,2022-05-18
Integral,750,300,12,12,1.54,0.86,1.15,6.7,1034795.73,3.79,3717.51,2022-05-19
Blanco,450,600,15,5,3.53,2.11,0.7,7.78,1030559.41,1.56,3067.78,2022-05-20
Blanco,800,300,14,10,3.5,2.38,0.22,8.8,1059297.05,3.22,3236.72,2022-05-21
Blanco,950,600,8,10,2.07,1.03,0.83,5.26,1169060.62,2.52,3979.37,2022-05-22
Multigrano,400,200,19,14,2.46,1.46,0.23,5.53,1134496.82,1.01,3653.0,2022-05-23
Integral,850,350,10,11,2.16,0.56,0.66,4.25,1020788.79,2.48,3544.52,2022-05-24
Integral,700,600,11,7,1.78,1.03,1.43,5.72,1491662.57,3.09,3577.58,2022-05-25
Blanco,500,450,14,12,1.99,0.59,0.39,4.91,1253893.94,3.95,3144.35,2022-05-26
Avena,900,200,11,5,0.94,1.95,0.2,6.38,1430485.3,1.68,3930.33,2022-05-27
Multigrano,550,500,16,13,0.97,1.16,0.21,4.68,1307128.8,3.67,3106.99,2022-05-28
Avena,750,500,9,14,2.27,2.44,1.26,9.17,1278952.6,3.92,3245.08,2022-05-29
Blanco,450,550,17,5,2.78,1.71,0.32,6.58,1324073.54,1.14,3051.57,2022-05-30
Blanco,600,350,19,11,3.77,2.16,1.42,9.33,1027618.28,1.09,3538.95,2022-05-31
Multigrano,850,350,15,12,1.5,1.72,0.26,5.48,1467168.04,2.74,3465.48,2022-06-01
Avena,450,300,5,8,3.55,1.17,0.68,7.12,1276534.95,3.08,3091.39,2022-06-02
Blanco,650,400,16,9,3.3,1.82,0.5,7.6,1219991.84,3.09,3097.58,2022-06-03
Blanco,350,650,8,13,3.68,0.68,0.53,7.4,1274942.63,1.12,3562.73,2022-06-04
Blanco,400,350,13,14,3.68,1.62,1.0,8.67,1027339.9,1.25,3363.37,2022-06-05
Integral,400,300,9,8,0.88,2.24,1.21,6.9,1166052.69,1.64,3893.88,2022-06-06
Avena,300,600,8,14,1.97,1.18,1.09,6.43,1305035.27,3.02,3076.59,2022-06-07
Centeno,800,200,8,12,2.92,2.35,0.29,7.38,1011858.68,2.49,3294.34,2022-06-08
Integral,550,600,9,7,3.53,0.67,0.68,6.77,1355937.94,2.64,3043.26,2022-06-09
Blanco,800,400,13,5,1.45,2.0,0.31,5.4,1099668.3,2.18,3986.61,2022-06-10
Multigrano,300,650,7,14,3.45,1.28,0.55,7.22,1287426.79,1.11,3728.54,2022-06-11
Multigrano,450,500,7,6,2.21,1.22,1.22,6.97,1459269.61,1.38,3873.55,2022-06-12
Centeno,300,450,12,8,3.65,1.1,1.08,8.57,1252211.52,3.28,3036.79,2022-06-13
Multigrano,750,500,5,14,3.73,2.33,0.58,8.75,1117587.73,2.19,3015.07,2022-06-14
Blanco,700,350,6,10,2.32,2.23,0.79,8.2,1397215.3,2.58,3462.28,2022-06-15
Centeno,900,350,12,10,1.8,1.11,0.84,5.67,1176011.6,1.08,3537.04,2022-06-16
Blanco,550,450,18,14,1.81,0.88,1.33,5.87,1022134.39,3.56,3166.83,2022-06-17
Integral,300,550,16,10,1.43,1.24,0.6,5.67,1302747.8,3.45,3106.6,2022-06-18
Integral,650,500,11,11,3.07,0.58,1.38,7.45,1497156.75,2.03,3754.49,2022-06-19
Multigrano,650,400,13,9,1.11,1.8,0.12,5.31,1302518.33,2.01,3076.38,2022-06-20
Integral,550,400,17,6,3.34,1.67,1.22,9.12,1116885.65,2.25,3412.46,2022-06-21
Avena,500,500,19,6,3.15,1.68,0.61,6.86,1161471.66,2.08,3147.27,2022-06-22
Integral,850,250,5,10,3.59,1.31,0.31,7.67,1425589.81,2.83,3322.83,2022-06-23
Centeno,550,600,10,5,2.95,1.86,1.08,7.12,1340886.16,2.22,3652.07,2022-06-24
Avena,450,400,8,11,1.59,1.92,0.12,5.97,1116399.83,1.22,3921.34,2022-06-25
Centeno,350,250,8,8,0.97,1.7,1.3,6.13,1073192.54,1.85,3040.52,2022-06-26
Multigrano,550,650,14,11,1.32,0.66,1.31,4.81,1290111.86,1.48,3692.0,2022-06-27
Avena,350,400,15,7,2.93,2.31,1.49,9.31,1066805.16,3.06,3818.07,2022-06-28
Multigrano,650,250,11,14,3.63,0.55,1.29,7.76,1139401.51,1.99,3965.8,2022-06-29
Multigrano,600,500,9,12,3.51,1.4,0.8,7.29,1188520.85,3.91,3197.62,2022-06-30
Blanco,600,350,14,8,2.31,1.34,0.8,6.98,1398379.9,1.48,3546.17,2022-07-01
Integral,350,650,5,10,2.63,2.41,0.15,6.57,1164833.44,1.92,3833.21,2022-07-02
Integral,300,550,9,6,0.51,1.71,1.37,5.26,1367516.34,2.96,3076.35,2022-07-03
Avena,550,500,10,10,1.82,1.04,0.75,5.85,1445083.04,2.88,3214.59,2022-07-04
Blanco,500,400,17,7,2.61,0.96,1.0,7.78,1212174.0,2.34,3283.2,2022-07-05
Blanco,600,450,10,13,2.87,0.67,1.12,6.44,1030011.0,3.85,3800.8,2022-07-06
Multigrano,600,400,9,9,0.97,0.55,1.46,5.21,1416248.82,3.95,3171.07,2022-07-07
Integral,650,250,18,6,3.32,1.24,1.39,7.38,1437967.29,1.26,3128.49,2022-07-08
Multigrano,850,500,14,14,2.93,1.67,0.37,6.5,1368460.94,1.49,3132.88,2022-07-09
Centeno,350,250,19,12,1.37,1.05,0.39,4.62,1085434.9,2.55,3406.58,2022-07-10
Centeno,500,550,11,7,2.9,0.89,0.11,5.72,1017390.85,3.24,3863.52,2022-07-11
Centeno,500,550,8,10,3.72,1.92,0.94,7.8,1286668.96,2.87,3862.51,2022-07-12
Avena,800,200,14,14,3.56,1.72,0.53,8.29,1168345.79,1.28,3288.03,2022-07-13
Centeno,550,200,18,10,2.4,1.78,1.49,8.36,1197397.86,1.43,3290.55,2022-07-14
Blanco,650,450,15,7,1.36,1.25,1.15,5.9,1168691.78,2.87,3920.21,2022-07-15
Integral,350,350,10,7,3.81,2.16,1.08,9.02,1101202.01,3.6,3448.33,2022-07-16
Centeno,850,200,7,9,3.54,0.73,1.16,7.04,1178117.69,3.85,3991.68,2022-07-17
Avena,400,250,17,7,2.76,1.67,0.81,7.41,1185725.27,3.53,3185.41,2022-07-18
Multigrano,500,250,19,10,2.58,2.36,0.6,7.72,1441517.59,3.96,3449.08,2022-07-19
Integral,300,550,5,11,1.7,0.76,0.14,4.1,1293401.94,3.28,3153.59,2022-07-20
Centeno,300,600,19,6,2.05,1.42,1.32,6.44,1497479.41,2.08,3458.8,2022-07-21
Multigrano,750,550,10,6,3.97,1.31,0.72,8.03,1051020.38,2.07,3801.08,2022-07-22
Centeno,650,400,6,5,1.8,2.1,1.39,6.96,1083012.18,2.79,3828.41,2022-07-23
Multigrano,450,450,14,12,3.1,2.04,1.16,8.49,1403511.44,1.08,3530.17,2022-07-24
Avena,950,650,7,12,2.94,1.86,1.43,8.23,1135322.94,1.67,3340.12,2022-07-25
Blanco,750,300,6,9,1.44,2.39,1.05,7.44,1440315.97,3.77,3622.36,2022-07-26
Avena,750,300,7,8,0.88,2.16,0.19,4.81,1233984.64,2.06,3420.36,2022-07-27
Multigrano,450,500,10,5,3.84,1.63,1.28,8.07,1148955.53,3.44,3342.36,2022-07-28
Integral,800,250,14,6,2.13,2.12,0.96,7.68,1438607.71,2.04,3827.58,2022-07-29
Multigrano,650,500,18,13,0.9,1.84,0.85,5.44,1138998.81,2.48,3192.48,2022-07-30
Centeno,450,200,9,5,2.1,1.24,0.72,5.89,1436871.1,1.9,3679.46,2022-07-31
Integral,450,250,15,14,1.01,2.32,0.53,6.24,1120838.86,2.78,3540.99,2022-08-01
Blanco,500,650,5,14,0.84,1.28,1.2,5.15,1328556.14,2.33,3431.0,2022-08-02
Blanco,550,450,16,14,2.69,0.91,1.03,6.68,1057157.99,1.88,3488.83,2022-08-03
Avena,300,550,8,6,2.19,1.31,1.19,7.06,1268876.49,3.57,3976.8,2022-08-04
Centeno,350,250,5,12,3.52,1.31,0.81,7.27,1112114.22,1.01,3170.06,2022-08-05
Avena,700,550,19,8,2.78,0.74,1.2,6.17,1221641.66,3.76,3957.15,2022-08-06
Avena,450,250,17,9,2.9,0.59,0.44,6.32,1485298.7,1.66,3676.32,2022-08-07
Integral,750,450,13,13,2.32,1.55,0.74,6.35,1227352.2,2.3,3649.89,2022-08-08
Avena,900,650,5,8,0.97,2.0,1.23,6.57,1101363.15,1.11,3062.89,2022-08-09
Avena,450,250,9,12,3.43,0.97,1.13,7.9,1205289.74,2.77,3200.93,2022-08-10
Centeno,850,500,10,7,1.29,0.72,0.22,4.05,1004677.39,1.3,3631.07,2022-08-11
Multigrano,950,550,13,14,0.62,2.23,0.56,5.57,1165194.11,2.86,3270.64,2022-08-12
Blanco,350,400,5,11,0.63,2.42,0.57,6.21,1007823.83,3.28,3152.27,2022-08-13
Blanco,550,250,15,12,2.36,0.71,1.34,6.26,1045757.99,3.98,3569.98,2022-08-14
Centeno,750,350,10,9,1.15,2.38,0.88,6.4,1451194.69,2.8,3134.94,2022-08-15
Blanco,750,350,8,8,3.83,1.22,1.44,8.01,1241300.35,2.18,3794.27,2022-08-16
Avena,850,250,12,12,2.98,1.59,0.45,7.5,1169278.07,3.56,3456.98,2022-08-17
Blanco,350,400,9,9,1.83,1.86,0.29,5.55,1099233.22,1.22,3542.94,2022-08-18
Blanco,500,350,12,5,0.81,1.22,1.12,5.02,1319659.75,1.88,3678.66,2022-08-19
Avena,950,450,15,10,1.61,0.89,1.26,5.56,1242362.77,2.84,3077.01,2022-08-20
Avena,800,350,5,14,0.56,2.34,1.24,7.22,1119552.51,1.24,3677.54,2022-08-21
Blanco,500,250,5,6,2.36,1.07,0.73,5.88,1136411.52,3.97,3761.51,2022-08-22
Integral,400,250,18,5,2.31,2.19,0.44,6.89,1275540.65,1.55,3706.97,2022-08-23
Avena,400,450,8,12,3.82,2.23,1.41,9.86,1328097.59,1.15,3437.32,2022-08-24
Centeno,400,250,11,8,2.23,1.63,0.15,5.49,1227190.67,3.85,3174.11,2022-08-25
Blanco,550,250,7,5,2.27,1.56,0.98,7.23,1069284.43,1.32,3944.04,2022-08-26
Blanco,900,400,11,13,3.73,1.61,0.27,7.74,1006635.58,1.85,3162.85,2022-08-27
Avena,850,600,19,13,1.0,1.81,0.29,5.22,1141075.33,2.98,3666.71,2022-08-28
Multigrano,450,300,14,5,3.11,2.25,1.36,9.47,1169743.45,1.11,3195.79,2022-08-29
Multigrano,700,500,15,12,3.53,0.64,0.48,6.24,1073748.59,3.63,3804.15,2022-08-30
Multigrano,900,350,19,13,3.59,1.65,0.75,8.16,1358373.2,2.99,3528.74,2022-08-31
Multigrano,450,300,6,14,2.07,0.75,0.53,4.79,1120628.55,3.75,3937.66,2022-09-01
Multigrano,900,650,5,11,3.49,2.29,1.3,8.46,1056233.25,3.74,3249.65,2022-09-02
Blanco,550,650,5,12,3.89,1.75,0.49,8.19,1227931.99,3.98,3993.01,2022-09-03
Centeno,650,200,9,6,1.58,1.44,0.93,5.29,1027370.42,3.57,3145.52,2022-09-04
Integral,850,500,9,8,3.11,2.03,1.2,9.31,1333933.92,3.14,3047.18,2022-09-05
Blanco,900,650,13,10,2.75,1.06,0.94,6.33,1374325.82,3.83,3809.43,2022-09-06
Avena,350,650,9,8,3.14,0.73,0.62,6.18,1341144.33,1.42,3798.22,2022-09-07
Centeno,950,600,15,14,1.63,1.96,0.71,5.88,1239737.09,3.11,3921.17,2022-09-08
Blanco,550,400,10,12,1.68,2.12,0.54,6.52,1259710.93,2.3,3978.2,2022-09-09
Integral,750,300,18,10,3.49,1.07,0.37,6.45,1451104.08,2.33,3058.22,2022-09-10
Blanco,700,250,18,14,3.11,0.93,0.49,5.96,1388586.26,1.39,3302.76,2022-09-11
Blanco,600,200,6,9,3.68,2.01,0.89,8.04,1460361.95,3.66,3792.65,2022-09-12
Centeno,900,400,6,8,0.9,1.7,0.54,4.65,1494653.46,1.44,3549.46,2022-09-13
Integral,800,650,13,6,0.51,1.39,0.75,5.07,1027088.13,2.11,3897.88,2022-09-14
Centeno,700,500,16,8,3.24,0.61,1.1,7.75,1346974.46,2.11,3172.67,2022-09-15
Avena,750,600,14,5,1.92,2.21,1.21,7.59,1407706.08,3.3,3271.81,2022-09-16
Blanco,450,350,18,7,2.35,2.46,0.83,8.29,1489452.0,1.1,3729.97,2022-09-17
Blanco,500,450,7,10,2.55,1.44,0.66,7.42,1126168.8,2.25,3602.7,2022-09-18
Multigrano,300,350,15,13,2.79,2.35,1.46,8.62,1195889.82,2.81,3594.39,2022-09-19
Blanco,550,600,11,11,2.2,1.72,0.96,7.29,1296336.14,3.41,3539.43,2022-09-20
Centeno,550,450,19,9,2.31,1.69,0.45,6.61,1055741.93,3.64,3813.68,2022-09-21
Avena,900,650,5,6,3.41,2.21,1.44,8.08,1297406.73,2.09,3779.71,2022-09-22
Centeno,850,450,12,14,1.96,0.55,0.81,5.13,1486225.88,3.47,3049.0,2022-09-23
Integral,400,550,6,14,2.61,1.02,0.85,6.46,1158300.33,1.22,3448.51,2022-09-24
Avena,850,600,8,10,2.08,0.77,0.43,6.06,1453515.78,1.11,3943.55,2022-09-25
Avena,700,350,8,9,1.32,1.49,1.16,6.11,1445841.1,1.11,3726.56,2022-09-26
Blanco,650,600,6,6,2.13,0.69,0.54,5.52,1179930.73,1.56,3610.48,2022-09-27
Integral,450,400,15,12,3.41,2.42,0.53,7.93,1289714.47,1.43,3683.08,2022-09-28
Multigrano,950,550,9,10,2.86,2.12,0.6,8.07,1241816.6,3.78,3458.34,2022-09-29
Blanco,400,200,6,8,3.52,0.66,1.41,6.93,1011980.93,2.26,3059.78,2022-09-30
Centeno,950,600,12,10,3.12,1.62,0.72,7.72,1354872.13,1.01,3355.41,2022-10-01
Avena,550,350,16,11,2.47,1.61,1.05,7.47,1019414.86,1.19,3381.45,2022-10-02
Multigrano,350,300,14,6,3.23,1.45,0.54,7.06,1053400.47,1.23,3018.33,2022-10-03
Multigrano,500,350,17,9,2.19,1.98,1.17,7.35,1318089.31,2.07,3898.44,2022-10-04
Integral,500,400,12,8,1.3,2.34,0.97,6.47,1126741.48,2.99,3784.19,2022-10-05
Avena,750,250,9,14,2.74,1.42,0.93,7.34,1427101.9,2.92,3798.18,2022-10-06
Multigrano,950,200,14,13,1.41,1.23,1.23,6.25,1483744.96,3.02,3491.9,2022-10-07
Avena,450,600,6,7,1.08,0.62,1.35,4.86,1267992.44,1.13,3660.55,2022-10-08
Integral,500,650,6,14,3.67,1.07,0.26,7.96,1167023.19,3.29,3250.83,2022-10-09
Integral,650,350,17,9,0.58,1.08,0.91,4.61,1367991.08,2.22,3404.91,2022-10-10
Integral,600,400,5,9,1.74,0.51,1.41,5.27,1430781.67,2.19,3734.0,2022-10-11
Multigrano,700,200,11,7,3.72,1.76,0.9,9.0,1072135.0,1.55,3531.61,2022-10-12
Multigrano,850,250,14,5,3.38,1.86,1.0,7.98,1419945.59,3.96,3838.85,2022-10-13
Avena,800,200,9,13,3.93,2.35,0.52,8.96,1178695.26,1.84,3454.43,2022-10-14
Centeno,750,400,12,14,0.53,1.8,0.58,4.54,1435613.44,1.11,3914.16,2022-10-15
Multigrano,800,450,9,7,2.41,1.2,1.45,6.56,1000543.65,2.39,3364.1,2022-10-16
Multigrano,900,500,10,10,2.21,1.22,0.23,5.69,1034987.51,3.31,3653.71,2022-10-17
Integral,800,500,17,11,3.4,1.84,1.15,8.42,1099084.06,3.61,3080.1,2022-10-18
Centeno,600,650,7,9,2.26,2.13,0.69,6.85,1178732.22,1.85,3158.49,2022-10-19
Avena,900,600,16,13,1.46,1.53,0.12,4.36,1032274.16,1.84,3760.44,2022-10-20
Multigrano,550,550,8,9,2.57,1.63,0.88,6.94,1463037.84,2.39,3096.73,2022-10-21
Multigrano,350,300,7,8,1.69,2.18,0.77,5.61,1438610.4,2.58,3367.94,2022-10-22
Avena,800,250,15,8,3.51,1.44,0.42,8.13,1415274.97,3.37,3116.49,2022-10-23
Avena,850,200,19,10,2.31,1.16,1.0,6.26,1075176.96,1.81,3090.84,2022-10-24
Multigrano,400,200,19,6,3.66,1.37,0.44,7.47,1419111.68,3.54,3180.57,2022-10-25
Centeno,500,500,14,6,3.95,0.76,1.4,7.48,1341627.03,2.59,3194.24,2022-10-26
Multigrano,700,500,13,7,3.12,1.58,1.18,7.95,1158879.85,2.89,3387.6,2022-10-27
Multigrano,950,450,12,14,3.82,1.71,0.81,8.35,1062973.7,3.18,3560.4,2022-10-28
Integral,650,350,5,6,1.72,0.73,1.23,5.95,1462376.04,2.71,3315.98,2022-10-29
Multigrano,550,350,9,7,2.9,1.3,1.06,7.62,1287494.68,1.49,3432.18,2022-10-30
Avena,350,650,14,8,3.91,2.46,1.33,10.12,1444339.57,3.56,3578.11,2022-10-31
Centeno,300,550,16,13,2.55,2.28,1.05,7.58,1038254.48,3.89,3616.49,2022-11-01
Blanco,700,450,15,13,1.96,2.07,0.81,6.47,1090061.1,2.41,3380.2,2022-11-02
Blanco,650,650,19,8,1.85,2.2,0.89,7.3,1108845.15,1.8,3279.71,2022-11-03
Centeno,750,450,7,10,3.26,1.43,0.73,7.86,1489581.99,1.09,3790.89,2022-11-04
Avena,350,450,19,12,3.36,2.14,0.11,7.61,1400445.83,2.85,3868.81,2022-11-05
Integral,950,200,16,9,1.25,2.27,0.25,6.08,1353759.0,2.39,3004.88,2022-11-06
Avena,400,400,16,11,3.69,1.08,0.16,7.22,1497617.04,1.38,3300.49,2022-11-07
Avena,300,350,10,8,2.94,2.37,0.32,7.89,1243540.48,2.69,3537.48,2022-11-08
Centeno,800,600,12,12,2.0,1.59,0.54,6.16,1033497.28,2.38,3315.22,2022-11-09
Centeno,500,650,18,8,3.79,2.49,1.03,10.13,1409865.88,1.96,3354.86,2022-11-10
Multigrano,750,200,5,8,0.93,0.56,0.28,3.83,1260390.6,2.48,3206.31,2022-11-11
Avena,450,300,8,11,0.58,2.03,1.23,6.38,1024926.02,3.17,3105.37,2022-11-12
Avena,450,350,17,6,3.47,2.04,0.75,8.16,1397221.48,2.47,3392.02,2022-11-13
Blanco,800,450,19,7,1.29,0.5,0.16,3.69,1085653.92,3.03,3834.89,2022-11-14
Multigrano,850,450,9,11,2.31,1.28,1.11,6.77,1410073.38,2.78,3357.99,2022-11-15
Centeno,300,350,7,6,2.31,0.67,1.1,5.28,1312678.09,3.15,3532.51,2022-11-16
Blanco,300,200,19,8,0.78,1.6,0.18,4.68,1368203.91,1.77,3316.8,2022-11-17
Avena,850,450,19,6,3.49,0.57,0.51,6.91,1150477.77,1.55,3266.51,2022-11-18
Integral,400,400,11,5,1.29,0.91,1.01,5.46,1053686.37,2.17,3397.23,2022-11-19
Integral,850,250,17,5,3.12,1.51,0.89,7.35,1410718.74,2.46,3217.09,2022-11-20
Avena,600,600,11,5,3.93,1.63,0.16,7.94,1167400.96,1.62,3996.3,2022-11-21
Integral,700,650,14,6,3.27,0.84,0.69,7.01,1096720.94,3.87,3879.86,2022-11-22
Integral,550,600,10,11,2.69,1.86,1.15,8.33,1151726.85,2.1,3146.56,2022-11-23
Centeno,850,550,18,14,1.82,2.07,0.63,6.84,1475342.32,1.96,3572.06,2022-11-24
Centeno,300,250,10,5,2.8,2.09,0.6,8.29,1202572.27,1.93,3256.82,2022-11-25
Centeno,450,500,9,9,2.12,1.92,0.61,6.24,1496449.12,1.0,3996.96,2022-11-26
Centeno,300,450,7,13,1.17,0.77,1.05,5.09,1139549.19,3.03,3556.12,2022-11-27
Integral,500,250,17,10,2.66,1.04,0.75,5.85,1312293.4,1.05,3660.47,2022-11-28
Integral,800,400,17,7,3.74,1.44,1.28,7.37,1165072.55,3.63,3769.25,2022-11-29
Integral,300,650,18,6,0.54,0.92,0.12,4.4,1487943.03,2.0,3432.16,2022-11-30
Integral,350,250,6,13,3.08,0.91,0.56,7.05,1304023.24,2.62,3515.57,2022-12-01
Integral,300,300,16,8,2.55,1.56,1.15,7.54,1268220.0,3.98,3442.43,2022-12-02
Avena,900,350,6,9,2.81,2.4,0.46,8.25,1040455.9,3.81,3699.0,2022-12-03
Integral,500,550,16,14,1.94,0.89,1.47,6.2,1215235.11,1.1,3494.51,2022-12-04
Avena,800,350,18,10,2.93,1.6,1.25,7.54,1420310.31,2.78,3463.4,2022-12-05
Blanco,300,450,5,8,2.37,1.59,0.22,6.56,1285074.35,3.47,3205.38,2022-12-06
Centeno,650,450,18,12,2.76,1.69,0.17,6.61,1300240.39,2.59,3895.02,2022-12-07
Blanco,700,450,16,13,2.3,1.62,1.09,6.94,1273807.72,1.69,3992.66,2022-12-08
Avena,450,400,16,7,0.89,0.6,0.86,4.06,1140049.68,1.36,3627.29,2022-12-09
Multigrano,950,550,13,9,3.42,1.97,0.78,8.99,1114014.85,2.61,3952.06,2022-12-10
Centeno,900,400,7,7,3.22,0.95,0.68,6.42,1471352.19,3.71,3241.51,2022-12-11
Blanco,700,350,10,5,1.03,1.16,0.33,3.46,1077177.28,3.86,3666.01,2022-12-12
Integral,400,450,13,8,1.24,1.65,0.98,5.49,1477556.6,1.23,3994.74,2022-12-13
Avena,750,200,14,9,3.6,1.19,0.32,7.65,1391664.62,2.96,3900.55,2022-12-14
Avena,350,400,15,8,3.13,1.6,0.25,7.21,1191394.97,2.49,3894.33,2022-12-15
Centeno,800,300,8,13,1.35,1.4,0.77,4.78,1116969.15,1.71,3566.92,2022-12-16
Multigrano,400,350,9,6,2.96,0.71,1.29,7.55,1286175.91,2.56,3506.24,2022-12-17
Integral,950,600,10,13,1.1,1.05,0.17,4.02,1435476.6,2.01,3115.05,2022-12-18
Centeno,800,500,8,9,1.56,1.0,0.45,5.27,1442171.7,1.75,3804.97,2022-12-19
Multigrano,400,300,18,10,1.1,1.51,1.12,6.3,1351977.15,3.32,3704.65,2022-12-20
Blanco,500,350,18,7,1.02,2.04,0.72,5.18,1034819.21,3.74,3807.54,2022-12-21
Blanco,450,650,17,7,2.28,0.83,1.03,5.93,1440493.53,2.01,3352.06,2022-12-22
Integral,650,400,5,5,3.29,1.32,0.3,7.3,1460640.81,1.35,3123.14,2022-12-23
Avena,750,600,11,8,2.72,1.06,0.22,5.11,1116824.58,1.95,3745.6,2022-12-24
Integral,950,500,8,14,0.84,1.01,0.84,5.15,1418850.45,2.63,3059.67,2022-12-25
Avena,950,300,11,11,3.82,1.71,0.16,8.18,1294388.5,1.21,3113.28,2022-12-26
Integral,350,200,15,11,3.63,1.56,1.4,8.28,1151421.94,1.4,3322.47,2022-12-27
Integral,700,550,14,9,0.68,0.85,0.19,4.14,1462026.11,1.31,3645.29,2022-12-28
Multigrano,700,450,8,10,2.44,1.92,0.37,6.06,1178540.61,3.28,3984.66,2022-12-29
Avena,900,250,10,9,2.15,0.86,1.2,6.23,1096054.19,2.26,3998.71,2022-12-30
Multigrano,650,300,5,11,2.07,0.52,0.16,5.23,1359633.37,1.81,3894.01,2022-12-31
Integral,550,350,6,5,1.18,1.95,1.49,5.66,1170671.65,1.86,3360.35,2023-01-01
Blanco,900,650,10,8,2.24,2.28,0.72,7.01,1033890.82,2.65,3916.46,2023-01-02
Blanco,700,250,15,13,0.93,1.19,1.04,5.95,1057433.13,2.92,3853.23,2023-01-03
Integral,350,650,18,6,1.75,0.93,0.15,4.3,1468810.2,3.75,3153.55,2023-01-04
Centeno,750,550,10,5,2.04,1.46,1.37,7.4,1432084.58,1.11,3817.15,2023-01-05
Blanco,950,350,17,8,2.13,1.39,0.64,6.32,1229969.15,2.22,3532.36,2023-01-06
Centeno,300,550,11,10,0.89,1.77,0.75,5.75,1370496.41,2.66,3263.25,2023-01-07
Multigrano,350,300,16,9,0.92,1.2,0.79,4.49,1094632.84,2.25,3689.24,2023-01-08
Blanco,500,350,8,10,3.52,1.05,1.2,7.98,1437407.91,2.81,3206.14,2023-01-09
Blanco,600,250,9,7,3.83,2.48,1.07,10.0,1356610.77,2.12,3142.68,2023-01-10
Integral,750,300,5,14,0.5,1.12,0.52,3.95,1025233.34,3.78,3155.2,2023-01-11
Blanco,600,500,5,6,0.53,1.2,1.2,5.14,1010794.29,2.45,3283.92,2023-01-12
Centeno,400,250,16,6,0.79,1.96,0.16,4.38,1130089.31,3.66,3985.07,2023-01-13
Avena,550,400,8,11,3.97,1.17,1.33,8.06,1424283.63,1.34,3754.28,2023-01-14
Centeno,550,350,9,12,2.31,1.87,1.47,7.39,1427241.98,2.5,3290.12,2023-01-15
Multigrano,550,600,14,10,0.9,1.38,0.45,5.44,1266076.06,1.11,3588.61,2023-01-16
Centeno,350,600,9,14,1.21,1.72,1.21,6.42,1115456.58,1.9,3298.31,2023-01-17
Blanco,300,200,13,8,1.94,2.5,1.38,7.68,1263356.24,1.87,3801.04,2023-01-18
Centeno,900,250,16,14,0.79,1.95,1.06,6.16,1496079.87,2.82,3431.17,2023-01-19
Avena,500,400,9,9,2.76,1.47,0.31,6.89,1063423.86,3.43,3467.09,2023-01-20
Centeno,750,200,8,13,2.29,1.5,0.29,6.22,1449905.56,3.24,3898.19,2023-01-21
Multigrano,300,450,9,12,2.16,1.01,0.47,5.46,1143925.9,1.77,3897.32,2023-01-22
Blanco,550,300,19,6,3.17,1.34,0.76,7.11,1030248.32,3.15,3323.64,2023-01-23
Centeno,700,250,14,14,1.52,0.59,0.97,4.27,1489093.1,2.18,3407.87,2023-01-24
Integral,700,550,7,14,3.97,0.9,1.11,7.75,1157286.82,2.93,3425.06,2023-01-25
Avena,900,250,5,12,1.21,0.82,0.87,5.13,1480353.15,3.07,3573.72,2023-01-26
Integral,600,650,14,12,3.16,1.05,0.29,6.52,1379089.74,1.07,3984.46,2023-01-27
Integral,600,450,17,8,2.57,2.05,0.72,6.37,1288068.6,3.56,3544.08,2023-01-28
Centeno,650,400,5,14,1.37,1.24,0.57,5.26,1101340.98,2.42,3149.14,2023-01-29
Centeno,550,350,13,11,2.24,2.41,0.83,7.45,1201021.92,2.47,3981.04,2023-01-30
Multigrano,300,600,15,7,3.96,2.31,0.26,8.54,1104528.86,3.25,3228.5,2023-01-31
Blanco,450,500,5,8,1.66,2.28,0.6,6.1,1169845.25,3.69,3127.75,2023-02-01
Multigrano,550,500,12,14,1.33,1.5,0.73,6.43,1156048.27,3.75,3134.29,2023-02-02
Blanco,550,250,10,7,3.01,1.96,0.24,6.53,1431557.41,2.37,3984.27,2023-02-03
Centeno,850,600,10,6,1.35,2.24,0.17,5.85,1148116.52,2.86,3839.44,2023-02-04
Integral,950,500,12,10,1.05,2.08,0.24,4.92,1002300.36,3.62,3694.21,2023-02-05
Multigrano,850,250,18,10,3.43,2.4,0.43,8.84,1317043.78,1.22,3113.01,2023-02-06
Avena,550,400,19,10,1.77,1.97,1.47,7.28,1488625.53,2.62,3121.92,2023-02-07
Integral,850,450,18,10,0.82,2.36,1.46,7.51,1028021.1,3.69,3402.35,2023-02-08
Multigrano,800,550,9,13,3.64,2.04,1.18,8.99,1073986.92,3.9,3396.88,2023-02-09
Multigrano,300,500,18,11,2.26,2.1,1.12,7.21,1006416.97,2.42,3879.58,2023-02-10
Multigrano,600,350,15,13,3.58,2.16,1.13,8.76,1419812.96,3.91,3796.89,2023-02-11
Multigrano,450,450,13,7,3.09,1.29,1.19,8.59,1466275.1,1.31,3371.22,2023-02-12
Integral,300,200,11,14,1.76,0.55,0.51,5.36,1445425.69,1.47,3241.68,2023-02-13
Multigrano,950,500,6,13,2.61,0.94,1.12,6.73,1492329.04,3.17,3919.21,2023-02-14
Avena,800,600,6,9,3.28,1.45,0.67,7.52,1439367.23,2.06,3378.91,2023-02-15
Blanco,700,400,8,6,1.67,1.13,0.53,5.45,1071309.56,3.4,3325.51,2023-02-16
Integral,500,450,14,6,2.6,1.16,0.66,6.22,1143853.81,1.37,3465.66,2023-02-17
Integral,550,250,6,8,2.05,1.89,0.7,5.94,1432640.98,3.08,3851.81,2023-02-18
Multigrano,400,400,15,8,2.81,0.85,1.01,7.17,1181236.21,2.28,3632.76,2023-02-19
Avena,750,300,5,8,2.81,0.91,0.25,5.78,1339536.25,1.68,3169.72,2023-02-20
Multigrano,950,400,13,6,2.17,0.97,1.34,6.13,1183967.3,3.87,3628.53,2023-02-21
Multigrano,450,300,11,12,1.02,1.95,0.62,4.55,1327435.57,3.84,3808.45,2023-02-22
Integral,300,300,10,13,3.19,1.72,1.01,8.72,1234442.8,2.79,3925.95,2023-02-23
Multigrano,350,350,7,6,3.74,1.13,0.48,7.61,1029448.56,1.84,3517.98,2023-02-24
Integral,300,650,8,14,3.66,2.48,1.48,9.65,1267495.72,1.22,3475.26,2023-02-25
Blanco,300,450,11,9,0.9,0.85,0.74,4.91,1418191.96,1.02,3746.21,2023-02-26
Blanco,950,250,17,13,1.3,1.07,1.35,6.39,1473283.06,3.29,3630.4,2023-02-27
Multigrano,300,550,12,14,3.43,2.3,0.22,8.06,1044730.75,3.87,3034.76,2023-02-28
Avena,300,250,14,5,3.71,0.8,0.75,8.09,1384925.34,1.2,3709.27,2023-03-01
Blanco,950,200,18,12,3.25,2.46,0.43,7.96,1423641.63,1.66,3611.69,2023-03-02
Multigrano,900,300,14,13,3.77,0.63,1.14,6.93,1379746.26,1.06,3863.58,2023-03-03
Multigrano,300,400,14,12,2.02,0.84,0.7,5.37,1086334.94,3.73,3473.84,2023-03-04
Integral,750,550,16,12,1.14,1.38,0.78,4.94,1234881.23,1.89,3168.47,2023-03-05
Integral,900,550,12,11,0.68,0.62,0.74,3.58,1416906.19,3.89,3742.0,2023-03-06
Blanco,900,650,15,8,2.44,0.87,0.74,6.66,1178289.58,2.91,3471.62,2023-03-07
Centeno,300,200,12,6,3.67,0.82,0.95,7.36,1271955.88,3.37,3098.56,2023-03-08
Avena,850,250,18,10,1.54,1.96,0.82,6.9,1241069.67,2.15,3439.11,2023-03-09
Avena,900,550,7,6,2.55,1.56,1.4,7.21,1453213.39,3.51,3918.42,2023-03-10
Centeno,450,200,15,5,3.89,0.58,0.64,7.28,1050866.5,2.96,3997.51,2023-03-11
Blanco,750,500,19,11,2.71,1.31,0.69,6.11,1474938.33,1.81,3152.42,2023-03-12
Centeno,400,550,6,5,0.57,0.59,0.65,4.29,1249828.34,2.81,3644.0,2023-03-13
Centeno,950,650,19,6,2.77,1.22,0.27,6.56,1168489.83,3.61,3332.45,2023-03-14
Blanco,450,650,6,12,1.68,1.43,0.14,4.82,1040843.92,1.13,3696.85,2023-03-15
Blanco,450,600,14,12,1.69,1.69,0.64,5.96,1023374.58,1.66,3698.12,2023-03-16
Multigrano,850,550,5,6,1.58,0.82,0.44,4.99,1010396.46,2.51,3577.0,2023-03-17
Centeno,350,250,17,8,1.5,2.41,0.69,5.68,1381991.98,2.49,3793.36,2023-03-18
Avena,950,300,16,14,1.49,2.32,1.0,6.91,1475127.09,2.48,3054.27,2023-03-19
Centeno,800,450,6,10,3.34,1.32,0.97,8.46,1332206.7,2.16,3287.32,2023-03-20
Integral,300,300,6,9,1.37,2.49,0.68,6.82,1342811.85,2.78,3988.83,2023-03-21
Integral,450,200,5,11,2.18,1.4,1.08,7.47,1162556.11,3.29,3095.72,2023-03-22
Blanco,800,200,19,8,3.62,1.49,0.34,6.09,1269637.36,1.88,3375.27,2023-03-23
Avena,450,500,16,13,1.46,1.51,0.76,5.53,1236015.09,3.17,3408.61,2023-03-24
Multigrano,650,600,9,9,2.96,0.72,1.42,7.21,1028347.61,2.53,3608.8,2023-03-25
Centeno,450,200,12,9,2.61,1.76,0.8,7.43,1180033.81,3.3,3263.34,2023-03-26
Centeno,750,500,10,11,0.61,1.32,0.92,4.91,1099089.44,2.36,3810.97,2023-03-27
Blanco,750,600,16,9,2.24,1.66,1.25,7.29,1157297.14,3.46,3520.99,2023-03-28
Avena,800,350,6,7,1.5,2.48,0.12,5.94,1447383.83,1.67,3534.43,2023-03-29
Integral,600,500,19,11,3.27,2.3,0.56,7.99,1204560.8,1.63,3333.12,2023-03-30
Blanco,950,600,9,14,2.98,0.59,0.24,5.74,1066236.19,3.48,3109.8,2023-03-31
Integral,700,650,16,8,3.18,0.53,1.15,6.67,1441133.54,3.39,3197.19,2023-04-01
Multigrano,750,550,12,6,3.06,0.63,0.27,5.21,1238423.66,3.09,3182.98,2023-04-02
Avena,550,500,14,6,3.11,1.86,1.24,8.18,1401409.88,2.94,3331.14,2023-04-03
Integral,800,400,19,6,1.51,0.64,0.1,4.27,1253182.38,2.24,3798.93,2023-04-04
Centeno,450,550,11,12,2.44,0.81,1.45,6.85,1304741.17,2.51,3751.31,2023-04-05
Centeno,950,650,15,14,2.94,2.08,1.07,8.33,1461164.04,3.0,3926.61,2023-04-06
Centeno,450,650,13,12,0.95,0.89,1.45,5.45,1336657.13,1.19,3221.18,2023-04-07
Multigrano,900,650,7,11,3.39,2.44,1.28,9.04,1322271.52,2.19,3206.77,2023-04-08
Multigrano,350,550,9,9,3.63,1.59,0.21,7.15,1189656.63,3.11,3966.07,2023-04-09
Integral,300,600,18,14,3.99,0.93,0.27,6.98,1199726.19,3.19,3455.21,2023-04-10
Multigrano,800,200,12,6,3.5,0.9,0.95,8.12,1202877.53,1.86,3205.12,2023-04-11
Blanco,950,350,5,6,3.31,1.36,0.89,8.35,1225899.8,2.24,3481.94,2023-04-12
Multigrano,350,200,17,7,1.48,2.38,1.23,7.1,1419403.27,2.87,3467.82,2023-04-13
Blanco,700,300,16,9,3.75,1.5,0.85,8.12,1456559.18,1.91,3924.9,2023-04-14
Blanco,500,450,7,5,3.36,1.96,1.38,8.8,1369832.85,2.66,3624.4,2023-04-15
Integral,400,350,5,7,3.59,1.23,1.45,8.07,1082479.1,2.12,3694.61,2023-04-16
Centeno,600,350,16,8,3.15,0.81,0.65,5.52,1147014.14,2.16,3723.99,2023-04-17
Multigrano,500,450,17,14,3.04,1.31,0.42,5.64,1189931.61,2.38,3716.4,2023-04-18
Multigrano,450,550,14,5,1.38,2.33,1.45,7.91,1228810.67,2.59,3254.73,2023-04-19
Blanco,350,600,17,7,3.57,1.39,0.58,7.15,1470281.63,1.94,3316.61,2023-04-20
Centeno,650,450,19,9,2.11,1.19,1.26,6.35,1270111.48,1.86,3536.18,2023-04-21
Avena,300,250,14,14,0.83,1.57,0.55,4.54,1159472.95,3.77,3211.04,2023-04-22
Centeno,400,500,17,13,3.41,1.97,0.48,7.59,1006059.25,3.02,3746.16,2023-04-23
Avena,350,650,16,14,0.9,0.85,1.43,5.14,1378888.64,3.56,3946.31,2023-04-24
Integral,400,650,9,5,3.37,1.59,1.01,7.57,1058074.49,3.64,3881.04,2023-04-25
Avena,950,550,18,10,1.86,2.44,0.13,6.94,1216777.65,2.05,3493.21,2023-04-26
Avena,450,450,14,5,3.03,2.33,0.76,8.03,1271472.07,2.44,3279.55,2023-04-27
Integral,600,350,10,11,2.44,2.31,1.41,7.88,1375018.95,2.08,3831.82,2023-04-28
Integral,750,250,14,11,3.73,2.25,0.88,8.49,1068890.32,3.75,3267.89,2023-04-29
Multigrano,850,250,8,13,1.3,1.73,1.4,5.84,1186292.96,1.11,3339.84,2023-04-30
Blanco,500,650,10,7,1.44,1.93,1.23,5.89,1440604.33,3.04,3762.94,2023-05-01
Centeno,300,250,8,13,2.5,1.42,0.32,5.76,1340710.04,3.71,3978.96,2023-05-02
Integral,350,650,13,11,3.05,0.82,0.88,7.18,1042974.39,3.66,3762.86,2023-05-03
Integral,750,500,18,13,0.85,2.01,0.91,6.21,1025712.23,1.79,3716.5,2023-05-04
Integral,300,450,7,12,0.61,1.37,0.26,3.6,1319694.71,3.37,3066.37,2023-05-05
Multigrano,900,650,14,6,2.7,1.07,0.84,6.48,1363904.49,1.52,3621.99,2023-05-06
Multigrano,600,300,15,14,3.26,2.05,0.9,8.73,1448476.43,2.95,3155.21,2023-05-07
Centeno,550,300,15,6,1.56,2.22,0.47,6.05,1047705.48,3.67,3035.51,2023-05-08
Avena,650,400,9,5,0.89,1.21,0.16,3.73,1108435.93,2.61,3554.53,2023-05-09
Multigrano,750,250,17,5,3.95,1.68,1.39,8.47,1324959.94,2.1,3522.65,2023-05-10
Integral,500,650,19,8,0.54,0.97,1.11,4.36,1091110.08,1.63,3106.4,2023-05-11
Blanco,600,450,14,9,2.08,1.25,0.41,5.54,1449323.66,3.99,3155.73,2023-05-12
Integral,850,650,7,9,2.19,1.0,0.61,6.65,1476380.92,1.22,3951.64,2023-05-13
Multigrano,700,400,6,5,1.07,1.49,1.11,5.0,1408679.82,2.24,3622.58,2023-05-14
Avena,700,600,12,13,0.86,0.91,1.39,5.87,1265270.75,2.18,3984.3,2023-05-15
Blanco,400,300,16,14,3.18,2.07,0.64,8.78,1483782.71,1.78,3839.51,2023-05-16
Multigrano,400,200,8,5,1.97,1.56,1.36,5.9,1185163.97,3.42,3246.47,2023-05-17
Blanco,350,500,11,14,1.01,0.54,0.9,4.72,1299741.25,1.31,3917.98,2023-05-18
Centeno,550,400,17,7,3.13,1.62,1.26,7.3,1212193.44,2.75,3842.04,2023-05-19
Centeno,550,350,11,14,3.75,0.87,0.27,6.82,1096423.13,1.08,3603.54,2023-05-20
Blanco,350,300,5,12,2.72,1.38,0.64,7.4,1145999.2,1.26,3524.07,2023-05-21
Avena,600,300,18,14,0.56,1.89,1.15,4.62,1149205.82,2.67,3228.5,2023-05-22
Centeno,900,250,19,5,0.58,1.81,1.22,5.4,1390269.21,1.63,3621.73,2023-05-23
Avena,500,600,13,11,1.08,1.2,0.26,4.25,1484610.39,3.97,3110.42,2023-05-24
Blanco,550,400,12,14,0.99,0.93,1.04,4.25,1251606.94,3.18,3924.71,2023-05-25
Multigrano,300,600,5,13,3.08,2.49,0.75,8.36,1024287.06,2.79,3695.01,2023-05-26
Blanco,700,650,9,14,2.49,0.65,1.01,6.44,1425235.02,2.96,3111.26,2023-05-27
Centeno,300,300,15,11,1.88,0.99,0.28,5.37,1338745.82,3.32,3753.41,2023-05-28
Centeno,900,650,8,12,0.95,1.47,0.69,4.49,1294578.57,1.65,3519.64,2023-05-29
Centeno,850,300,19,14,1.44,1.45,0.71,5.59,1452185.37,1.77,3907.98,2023-05-30
Multigrano,950,650,10,13,0.79,1.42,0.24,4.21,1133546.71,3.79,3240.21,2023-05-31
Centeno,450,550,16,12,2.25,2.22,1.2,6.94,1437418.87,2.68,3700.85,2023-06-01
Avena,500,650,17,9,3.2,0.59,1.37,6.67,1265755.12,3.06,3505.51,2023-06-02
Multigrano,950,450,18,9,1.76,0.51,0.14,4.39,1065765.31,3.3,3642.86,2023-06-03
Integral,950,300,12,12,2.09,1.76,0.89,7.15,1134265.78,3.45,3908.36,2023-06-04
Avena,800,450,9,8,3.67,1.7,0.59,8.5,1057697.68,1.36,3108.92,2023-06-05
Integral,400,600,10,5,1.64,0.58,0.72,4.53,1202574.7,2.13,3236.33,2023-06-06
Avena,750,250,10,12,0.57,1.33,0.82,5.27,1368637.95,3.68,3523.84,2023-06-07
Blanco,500,250,8,8,2.63,2.18,1.24,7.93,1492549.83,1.09,3201.8,2023-06-08
Blanco,650,500,16,13,1.31,1.22,0.25,4.64,1259219.98,3.35,3775.55,2023-06-09
Blanco,400,450,18,13,3.44,1.76,0.27,7.22,1220327.75,2.93,3902.69,2023-06-10
Integral,300,300,16,11,1.77,1.73,1.01,7.14,1191293.53,3.37,3663.27,2023-06-11
Avena,800,500,13,9,1.47,2.33,1.07,7.49,1425962.07,2.63,3950.54,2023-06-12
Multigrano,700,550,9,9,0.66,2.23,1.08,6.29,1218269.22,3.08,3383.48,2023-06-13
Centeno,350,250,12,6,1.48,0.56,1.43,5.82,1310342.87,3.34,3092.2,2023-06-14
Centeno,700,600,19,6,1.07,2.36,1.13,6.68,1287983.24,3.87,3166.73,2023-06-15
Avena,650,200,9,7,3.46,1.84,1.19,8.61,1247184.44,1.78,3446.51,2023-06-16
Integral,300,600,11,5,2.14,1.67,1.22,6.35,1144837.85,2.07,3075.93,2023-06-17
Blanco,900,550,18,10,2.26,2.1,1.17,8.05,1030985.71,3.28,3680.19,2023-06-18
Avena,350,350,11,12,1.87,2.42,1.49,7.76,1220709.45,3.42,3272.73,2023-06-19
Avena,700,450,6,13,1.74,0.9,1.11,5.58,1070282.4,1.01,3569.13,2023-06-20
Avena,650,350,5,14,2.62,0.67,1.13,6.43,1184143.71,2.84,3919.63,2023-06-21
Avena,850,450,7,12,0.61,0.99,0.72,3.71,1490676.77,3.67,3455.76,2023-06-22
Centeno,850,550,12,6,1.32,1.82,0.55,5.01,1099769.88,1.0,3532.1,2023-06-23
Blanco,750,500,8,5,0.89,1.59,0.24,4.92,1470665.91,1.34,3509.74,2023-06-24
Centeno,500,450,10,6,2.85,1.97,1.06,7.47,1275578.82,1.19,3472.61,2023-06-25
Avena,650,500,8,11,2.29,0.71,1.34,6.66,1141867.61,3.09,3952.29,2023-06-26
Integral,700,650,14,12,0.62,1.07,0.26,3.67,1083401.21,1.36,3102.13,2023-06-27
Avena,350,600,14,12,1.46,1.65,1.26,6.26,1408368.79,2.65,3498.26,2023-06-28
Integral,700,550,11,8,1.04,0.88,0.35,4.92,1064095.7,2.32,3951.8,2023-06-29
Multigrano,750,450,8,13,3.33,2.21,0.17,8.39,1203133.9,2.16,3699.91,2023-06-30
Avena,500,200,19,14,3.16,2.11,0.92,7.94,1186123.16,1.74,3297.01,2023-07-01
Centeno,350,450,19,12,2.71,0.74,1.26,5.67,1203291.31,2.9,3837.17,2023-07-02
Centeno,450,450,5,11,2.36,1.01,0.27,6.09,1366279.76,3.66,3344.33,2023-07-03
Blanco,500,350,13,13,1.55,1.79,1.37,7.19,1392080.46,1.63,3463.79,2023-07-04
Avena,450,450,7,6,2.72,0.97,1.21,7.04,1022907.1,2.1,3620.64,2023-07-05
Avena,400,200,18,6,2.65,1.26,0.67,5.82,1188387.74,1.83,3862.93,2023-07-06
Avena,650,500,8,6,1.4,1.23,0.97,5.47,1498502.22,3.37,3146.9,2023-07-07
Centeno,600,500,17,12,3.67,2.21,0.95,9.39,1399389.47,2.83,3417.2,2023-07-08
Integral,450,300,11,9,0.71,0.95,1.32,5.22,1002155.64,2.93,3729.28,2023-07-09
Avena,650,650,11,7,0.6,0.69,1.41,4.27,1192027.58,3.29,3772.95,2023-07-10
Integral,850,300,10,7,2.23,1.09,0.51,5.88,1244838.36,3.15,3377.02,2023-07-11
Blanco,850,350,11,8,2.28,1.46,0.42,7.21,1497642.92,2.33,3733.94,2023-07-12
Avena,700,500,9,7,3.47,1.17,0.58,8.0,1459263.57,3.82,3334.93,2023-07-13
Blanco,550,200,11,7,1.57,1.99,1.33,7.65,1082986.15,1.27,3743.28,2023-07-14
Blanco,900,300,16,5,0.8,1.92,0.52,4.31,1275545.5,3.13,3840.29,2023-07-15
Multigrano,950,450,14,14,1.32,2.35,0.88,6.41,1420812.19,2.42,3135.36,2023-07-16
Avena,700,600,12,7,2.29,2.18,0.88,6.39,1131953.81,3.53,3298.85,2023-07-17
Blanco,950,650,8,9,0.85,2.27,1.38,6.86,1058970.37,3.66,3072.8,2023-07-18
Centeno,800,200,17,11,2.22,1.5,1.05,6.44,1321595.91,1.19,3763.46,2023-07-19
Centeno,700,650,19,10,1.83,1.59,0.79,6.38,1086710.58,3.26,3547.34,2023-07-20
Avena,300,400,17,7,2.17,1.49,0.61,5.98,1435017.75,2.55,3223.07,2023-07-21
Integral,650,600,16,14,2.86,1.65,1.29,7.85,1208336.21,1.92,3298.54,2023-07-22
Avena,750,650,12,11,1.55,0.72,1.37,6.13,1358527.86,1.82,3356.78,2023-07-23
Multigrano,750,350,7,6,2.87,2.09,1.31,8.43,1392907.72,3.12,3335.42,2023-07-24
Blanco,400,250,17,8,0.71,0.56,0.6,3.16,1287779.41,3.6,3268.44,2023-07-25
Avena,550,350,12,9,1.37,1.8,0.74,5.88,1322323.78,1.94,3875.64,2023-07-26
Centeno,450,450,9,6,2.1,1.0,0.29,5.06,1423715.03,2.41,3809.79,2023-07-27
Avena,650,200,17,14,3.44,1.68,0.71,7.91,1040763.55,1.7,3900.31,2023-07-28
Blanco,600,450,15,12,3.95,0.93,0.84,7.42,1201788.22,3.62,3310.52,2023-07-29
Avena,900,600,6,13,1.6,0.75,1.24,6.35,1473974.99,3.08,3354.36,2023-07-30
Blanco,400,500,16,13,2.59,1.11,0.71,6.27,1054770.6,3.26,3660.27,2023-07-31
Blanco,800,400,13,14,2.88,1.34,0.44,5.95,1373352.52,1.66,3525.67,2023-08-01
Avena,750,350,8,10,3.83,2.18,0.35,9.21,1277200.91,3.27,3335.59,2023-08-02
Centeno,600,550,5,11,2.86,0.61,1.05,5.93,1214590.86,1.91,3455.99,2023-08-03
Avena,450,600,18,12,1.95,0.58,0.8,4.59,1284146.29,1.47,3389.09,2023-08-04
Integral,550,600,8,7,2.66,1.66,1.26,7.52,1151411.35,2.64,3356.82,2023-08-05
Multigrano,950,300,12,14,1.85,0.54,0.29,5.34,1219876.61,2.39,3583.04,2023-08-06
Blanco,700,600,5,8,0.58,1.29,0.86,4.97,1292245.34,3.1,3538.66,2023-08-07
Multigrano,450,600,5,5,2.99,1.82,0.36,6.93,1090734.47,3.55,3219.47,2023-08-08
Blanco,850,550,19,13,2.62,1.2,0.62,6.63,1407820.28,2.26,3871.49,2023-08-09
Avena,450,200,16,13,2.44,1.91,0.65,7.39,1204294.87,3.63,3097.84,2023-08-10
Multigrano,950,200,7,13,1.69,1.22,1.19,5.78,1193331.12,3.26,3887.49,2023-08-11
Blanco,450,250,19,14,3.24,0.89,1.05,5.37,1334012.9,2.36,3863.13,2023-08-12
Avena,500,250,19,12,2.09,2.1,1.34,7.56,1322698.69,1.38,3336.68,2023-08-13
Centeno,550,300,14,11,2.22,1.2,1.21,6.19,1138004.69,2.35,3558.1,2023-08-14
Avena,600,350,18,9,2.11,0.9,1.3,6.23,1003854.0,1.2,3095.82,2023-08-15
Blanco,700,500,14,9,2.14,0.69,0.52,5.68,1318206.95,3.78,3892.69,2023-08-16
Integral,450,650,19,11,1.51,1.72,1.26,7.05,1001254.02,3.11,3623.8,2023-08-17
Avena,450,200,10,5,2.79,0.62,1.47,7.12,1231863.39,1.71,3819.92,2023-08-18
Avena,800,300,13,10,3.75,2.14,1.23,9.33,1121794.43,3.55,3348.3,2023-08-19
Blanco,450,350,9,14,2.78,1.76,0.63,7.5,1160334.83,3.8,3550.27,2023-08-20
Blanco,500,200,18,13,0.82,0.87,1.36,5.62,1234512.46,2.05,3076.64,2023-08-21
Blanco,800,400,17,12,1.35,2.08,0.39,5.77,1083024.5,2.12,3050.53,2023-08-22
Avena,550,450,13,5,3.74,1.01,0.22,7.74,1241166.18,2.48,3290.0,2023-08-23
Centeno,600,550,17,6,3.46,1.79,0.57,8.4,1239909.65,3.21,3208.0,2023-08-24
Integral,600,250,15,14,1.95,2.25,1.09,7.72,1193353.9,2.66,3733.99,2023-08-25
Integral,400,400,15,13,2.32,2.16,1.33,7.4,1496610.38,3.04,3210.14,2023-08-26
Blanco,600,350,12,8,0.52,1.87,0.76,5.55,1222807.21,3.61,3695.94,2023-08-27
Centeno,400,650,16,6,1.08,0.64,0.11,3.46,1163915.52,2.14,3350.38,2023-08-28
Centeno,300,350,13,13,3.15,1.18,1.18,6.95,1130685.14,3.32,3970.19,2023-08-29
Avena,550,650,5,8,3.84,2.2,0.22,8.65,1105105.27,1.81,3216.55,2023-08-30
Integral,900,350,10,14,2.71,2.35,1.05,6.95,1243350.27,1.23,3804.67,2023-08-31
Blanco,550,550,11,6,0.85,1.67,1.45,6.44,1374616.15,1.33,3699.88,2023-09-01
Multigrano,750,400,9,11,1.38,0.57,0.24,4.62,1016156.23,2.42,3077.17,2023-09-02
Centeno,750,550,7,6,2.3,2.42,0.21,7.08,1379533.43,3.72,3473.85,2023-09-03
Integral,650,500,11,11,2.34,1.54,1.04,6.94,1359621.23,2.0,3067.5,2023-09-04
Avena,800,450,7,12,0.92,0.85,0.58,4.95,1050009.66,3.77,3403.65,2023-09-05
Avena,850,400,13,7,2.48,2.26,0.61,7.88,1011936.23,1.29,3025.45,2023-09-06
Integral,700,300,18,8,1.28,1.19,0.83,5.23,1310082.41,3.6,3348.64,2023-09-07
Blanco,900,200,7,11,2.49,0.92,0.6,5.94,1173413.13,2.08,3622.88,2023-09-08
Centeno,400,600,14,9,0.72,2.17,1.04,5.6,1311546.85,1.23,3668.78,2023-09-09
Multigrano,300,500,11,5,1.78,1.34,1.02,6.33,1151575.67,3.72,3317.08,2023-09-10
Integral,850,350,19,10,2.27,0.99,0.62,5.91,1024155.19,1.44,3571.76,2023-09-11
Centeno,450,200,14,6,1.96,1.79,1.27,7.86,1337350.72,2.44,3404.1,2023-09-12
Blanco,850,300,7,10,1.35,2.19,0.27,5.21,1190917.61,1.6,3371.46,2023-09-13
Centeno,500,450,12,8,1.69,1.45,1.02,6.82,1407564.83,1.98,3393.35,2023-09-14
Centeno,750,250,12,8,0.64,2.09,0.96,5.73,1150303.45,3.64,3101.58,2023-09-15
Avena,550,600,5,8,2.03,1.89,0.47,5.99,1199938.73,1.84,3179.69,2023-09-16
Blanco,300,350,18,13,2.33,1.05,1.16,6.91,1008813.0,1.59,3184.89,2023-09-17
Integral,650,600,17,12,3.97,2.02,0.56,8.78,1265938.58,2.7,3416.17,2023-09-18
Multigrano,350,500,13,7,0.63,1.01,1.1,5.07,1410627.5,2.67,3717.21,2023-09-19
Centeno,400,450,18,8,1.93,1.28,1.09,6.18,1303886.83,1.76,3184.76,2023-09-20
Blanco,850,300,17,13,2.73,1.24,0.72,6.42,1137101.24,2.49,3120.87,2023-09-21
Centeno,500,550,6,11,0.97,0.58,0.57,5.19,1156424.29,3.46,3183.02,2023-09-22
Integral,450,600,18,11,3.86,0.85,0.49,6.41,1190598.92,3.86,3745.71,2023-09-23
Avena,500,600,18,9,1.28,2.28,0.71,6.52,1187057.78,1.68,3273.83,2023-09-24
Blanco,950,550,12,11,1.11,2.19,0.38,5.81,1126741.48,1.2,3325.71,2023-09-25
Blanco,600,650,10,8,3.58,0.85,0.67,7.24,1330410.32,1.47,3758.79,2023-09-26
Multigrano,750,300,7,5,2.67,1.51,0.25,6.34,1325190.66,3.85,3841.08,2023-09-27
Centeno,550,550,12,9,3.08,2.11,0.52,7.38,1044422.3,2.98,3043.84,2023-09-28
Multigrano,550,500,6,10,3.18,2.37,1.24,7.85,1371341.87,3.02,3814.27,2023-09-29
Centeno,800,550,16,11,0.94,0.91,0.46,4.14,1066869.73,3.49,3400.66,2023-09-30
Centeno,550,400,17,7,3.18,2.1,0.66,7.29,1039988.16,2.85,3367.62,2023-10-01
Centeno,300,500,5,12,2.68,2.23,0.19,7.36,1239403.22,2.61,3335.88,2023-10-02
Multigrano,950,250,19,12,3.03,2.09,0.45,7.55,1162655.52,1.01,3251.01,2023-10-03
Centeno,750,650,17,14,2.82,1.16,1.49,8.32,1334163.77,2.27,3287.62,2023-10-04
Blanco,750,500,13,9,1.35,2.0,0.13,4.99,1091462.37,1.7,3307.61,2023-10-05
Blanco,450,450,15,13,2.69,2.33,0.84,7.47,1024031.89,3.7,3787.27,2023-10-06
Avena,800,350,16,9,1.27,0.57,1.34,5.92,1459648.81,3.12,3266.39,2023-10-07
Integral,400,250,10,9,1.01,2.37,0.82,5.87,1247020.74,3.13,3745.94,2023-10-08
Avena,600,250,6,5,2.59,0.96,1.29,6.41,1404769.47,1.38,3121.37,2023-10-09
Blanco,700,250,7,14,2.54,1.48,1.23,7.83,1086932.61,1.92,3324.78,2023-10-10
Integral,500,500,19,10,1.67,2.47,1.11,7.24,1466884.03,2.16,3774.51,2023-10-11
Blanco,700,550,9,9,1.89,1.9,1.07,7.14,1406630.08,3.7,3661.76,2023-10-12
Centeno,350,450,15,10,2.7,1.96,0.72,7.14,1214213.75,2.93,3604.33,2023-10-13
Blanco,600,600,5,10,3.5,1.79,0.7,7.12,1048030.39,1.45,3602.81,2023-10-14
Avena,400,500,17,8,0.59,0.99,0.57,3.78,1366189.07,2.77,3859.71,2023-10-15
Avena,700,200,10,6,3.28,1.61,0.25,7.84,1391550.76,2.25,3586.89,2023-10-16
Multigrano,300,450,12,8,3.61,1.3,0.64,8.05,1092478.02,1.98,3763.14,2023-10-17
Integral,300,300,15,5,3.62,2.03,0.28,7.22,1495985.21,1.41,3771.05,2023-10-18
Integral,850,500,7,8,0.52,1.93,1.27,5.85,1023842.2,3.32,3853.05,2023-10-19
Blanco,350,500,7,13,1.52,0.98,0.78,5.73,1369315.46,3.22,3574.22,2023-10-20
Centeno,300,250,10,13,3.51,1.12,1.37,8.25,1268148.23,3.18,3430.42,2023-10-21
Multigrano,750,400,16,8,2.44,1.99,1.07,7.98,1247251.83,1.16,3737.94,2023-10-22
Multigrano,650,500,6,11,1.23,0.89,0.38,4.77,1033091.08,1.27,3513.25,2023-10-23
Blanco,300,300,6,11,3.69,1.94,0.19,7.14,1041859.92,2.76,3242.37,2023-10-24
Centeno,750,550,17,11,1.95,1.99,0.31,6.9,1118019.85,3.98,3615.07,2023-10-25
Avena,700,200,11,8,1.86,2.5,0.47,6.82,1242768.55,2.01,3562.95,2023-10-26
Multigrano,650,500,11,7,3.19,2.18,1.08,8.81,1445099.46,2.49,3053.56,2023-10-27
Centeno,300,500,18,10,3.5,2.28,0.69,8.28,1456292.31,1.67,3346.62,2023-10-28
Avena,300,200,11,7,3.12,2.07,0.78,7.85,1374591.77,1.52,3200.66,2023-10-29
Blanco,750,550,10,11,1.85,2.29,0.35,6.99,1397961.06,3.75,3374.41,2023-10-30
Multigrano,850,350,5,13,1.24,1.89,0.86,5.87,1148536.43,3.41,3455.64,2023-10-31
Multigrano,950,400,5,6,1.82,0.75,1.17,4.97,1219651.43,3.98,3579.62,2023-11-01
Blanco,600,450,12,11,2.51,0.77,1.47,6.26,1423631.58,3.19,3964.59,2023-11-02
Integral,750,650,14,13,1.87,1.48,1.35,6.09,1294293.04,3.45,3518.85,2023-11-03
Integral,850,550,15,5,1.49,1.54,1.17,6.43,1145390.59,1.68,3729.17,2023-11-04
Multigrano,450,300,19,14,1.06,1.26,1.46,5.99,1379507.4,2.55,3519.02,2023-11-05
Integral,800,400,8,14,0.82,1.91,0.36,5.12,1383359.52,2.96,3872.51,2023-11-06
Blanco,500,250,15,5,3.47,1.77,1.27,8.35,1101596.09,2.22,3645.64,2023-11-07
Centeno,300,450,15,12,0.99,2.31,0.19,5.95,1402201.66,2.87,3882.05,2023-11-08
Multigrano,600,500,18,11,1.14,1.12,0.45,4.33,1020042.25,2.28,3567.97,2023-11-09
Avena,500,200,18,9,3.27,1.32,1.1,8.1,1225792.48,1.26,3587.67,2023-11-10
Centeno,500,650,13,10,3.1,1.85,0.54,6.66,1455977.57,3.65,3172.79,2023-11-11
Centeno,700,550,19,13,2.78,1.52,0.22,6.49,1427509.47,3.25,3479.68,2023-11-12
Multigrano,700,200,18,8,0.83,1.78,1.2,6.1,1468707.32,3.0,3960.94,2023-11-13
Multigrano,450,200,6,14,1.26,1.71,0.92,5.54,1478652.69,1.59,3339.72,2023-11-14
Multigrano,800,400,16,14,1.79,1.26,1.07,6.94,1224440.97,3.53,3695.67,2023-11-15
Multigrano,600,450,6,5,1.37,2.15,1.32,6.97,1355088.3,2.96,3749.3,2023-11-16
Avena,400,250,10,11,1.93,0.59,1.47,6.4,1456638.06,2.55,3122.45,2023-11-17
Integral,700,600,17,11,1.02,0.96,0.58,5.01,1372678.68,1.54,3593.26,2023-11-18
Integral,800,500,15,7,2.95,0.75,0.2,5.67,1225717.13,3.7,3575.14,2023-11-19
Avena,850,250,8,9,2.46,2.14,0.59,7.37,1275441.32,2.83,3068.74,2023-11-20
Avena,300,250,9,10,1.75,1.32,1.37,7.24,1046206.88,3.53,3270.92,2023-11-21
Blanco,700,350,7,11,3.71,2.11,0.9,8.76,1098263.64,3.28,3408.05,2023-11-22
Blanco,600,200,19,7,2.73,1.07,1.39,7.35,1000153.82,2.87,3825.56,2023-11-23
Integral,400,250,10,7,2.97,1.32,0.38,7.66,1425071.36,2.94,3446.42,2023-11-24
Centeno,950,350,5,7,1.88,2.22,0.4,6.26,1355999.62,3.78,3881.71,2023-11-25
Integral,850,650,15,6,2.16,1.87,0.53,6.8,1196138.27,2.1,3580.29,2023-11-26
Centeno,750,450,7,7,1.48,2.33,0.54,5.59,1222205.98,2.37,3764.44,2023-11-27
Integral,300,650,19,11,1.95,1.64,0.68,6.18,1098543.22,3.04,3277.57,2023-11-28
Multigrano,800,350,9,14,2.27,1.85,0.22,6.45,1190762.53,3.41,3986.62,2023-11-29
Avena,800,300,17,7,3.01,1.16,1.09,7.43,1163519.26,3.8,3065.56,2023-11-30
Multigrano,400,450,14,13,3.4,0.51,0.18,6.39,1320979.4,2.41,3577.94,2023-12-01
Centeno,700,500,7,9,1.63,1.0,0.67,5.8,1077471.08,3.41,3471.0,2023-12-02
Integral,650,350,11,6,2.66,0.74,1.48,6.35,1336165.67,2.97,3856.06,2023-12-03
Centeno,550,550,5,9,1.77,1.29,0.49,5.65,1079740.17,1.99,3513.54,2023-12-04
Blanco,300,400,12,9,1.74,2.47,1.21,7.15,1241616.74,3.53,3365.69,2023-12-05
Integral,650,250,16,14,2.77,1.73,0.92,7.71,1186070.38,3.82,3851.24,2023-12-06
Integral,950,200,8,10,1.41,1.46,0.28,6.33,1374406.4,2.96,3342.5,2023-12-07
Integral,500,300,16,7,3.52,0.64,1.35,7.23,1436849.5,1.55,3808.63,2023-12-08
Integral,500,650,18,12,3.65,2.47,1.36,9.29,1012941.03,2.43,3591.22,2023-12-09
Avena,450,400,12,6,1.75,1.78,0.87,6.26,1304724.5,2.29,3083.83,2023-12-10
Blanco,950,200,18,14,3.52,1.26,1.09,8.14,1367383.65,3.76,3572.14,2023-12-11
Integral,800,450,10,9,1.12,1.81,0.43,4.29,1433638.87,2.24,3901.97,2023-12-12
Integral,600,400,18,14,3.47,1.02,0.32,6.15,1190399.12,1.74,3174.63,2023-12-13
Avena,650,550,17,5,1.72,0.58,1.3,5.06,1436785.35,3.93,3759.53,2023-12-14
Centeno,400,300,17,8,3.38,1.29,0.84,7.5,1135668.85,1.94,3150.81,2023-12-15
Blanco,950,500,15,6,2.24,1.67,1.35,8.3,1361274.3,1.09,3352.3,2023-12-16
Blanco,750,350,9,11,1.37,2.05,0.9,7.08,1188343.35,2.37,3291.72,2023-12-17
Multigrano,600,200,16,11,3.58,0.52,0.78,6.53,1246278.84,1.61,3522.4,2023-12-18
Integral,600,300,11,10,3.66,2.46,1.29,9.46,1222280.41,2.91,3692.76,2023-12-19
Multigrano,950,500,14,14,3.31,1.98,0.21,7.67,1329597.56,1.01,3093.49,2023-12-20
Avena,600,400,8,7,1.21,1.68,0.64,5.76,1483937.5,2.75,3514.6,2023-12-21
Blanco,650,550,11,5,0.98,1.65,1.45,5.75,1335121.23,3.38,3795.12,2023-12-22
Avena,900,250,18,12,2.73,0.57,0.64,5.73,1328514.78,3.53,3141.12,2023-12-23
Avena,400,200,14,6,2.65,1.24,1.22,6.43,1157343.37,3.03,3121.83,2023-12-24
Avena,750,650,17,5,2.03,1.78,1.08,6.36,1345561.45,3.2,3343.29,2023-12-25
Centeno,950,650,19,12,2.37,1.14,1.02,6.81,1153359.84,1.01,3316.24,2023-12-26
Avena,950,450,10,10,3.52,1.29,0.3,7.03,1423456.38,3.87,3612.77,2023-12-27
Integral,300,200,11,8,2.12,0.56,0.76,5.84,1075553.45,3.37,3457.98,2023-12-28
Integral,900,450,8,14,3.27,1.53,0.5,7.56,1114638.72,3.1,3679.43,2023-12-29
Avena,650,450,5,14,1.41,1.55,1.27,5.19,1124734.4,2.56,3093.83,2023-12-30
Integral,850,600,5,12,3.23,0.93,0.12,6.2,1427804.84,3.93,3219.31,2023-12-31
Blanco,350,500,10,7,2.23,1.92,1.3,7.57,1344203.72,2.13,3250.49,2024-01-01
Multigrano,950,550,18,6,2.4,1.41,0.46,6.34,1189259.94,3.66,3428.97,2024-01-02
Multigrano,500,300,7,9,2.79,0.85,0.12,5.79,1122193.16,3.06,3181.36,2024-01-03
Integral,400,450,10,9,3.32,2.24,1.16,9.0,1210669.41,2.58,3463.04,2024-01-04
Blanco,750,650,14,10,3.53,1.87,0.97,8.62,1057269.97,2.01,3728.31,2024-01-05
Avena,400,300,7,13,1.51,1.73,0.14,5.15,1090218.81,2.05,3043.63,2024-01-06
Multigrano,700,550,8,6,3.06,0.6,1.18,6.54,1064865.56,2.31,3638.39,2024-01-07
Avena,600,300,7,13,2.97,0.76,1.45,7.65,1162714.93,1.15,3589.96,2024-01-08
Avena,600,400,6,8,1.58,0.84,0.23,4.9,1146864.21,2.58,3313.84,2024-01-09
Integral,300,400,11,6,3.66,1.81,1.4,9.6,1419997.71,1.72,3529.52,2024-01-10
Blanco,450,500,16,6,3.03,0.58,0.68,6.31,1009334.73,2.01,3895.52,2024-01-11
Centeno,400,450,10,11,0.55,0.63,0.71,4.07,1458635.4,3.11,3625.57,2024-01-12
Integral,550,350,8,9,1.32,0.98,0.75,6.17,1137424.17,3.05,3938.21,2024-01-13
Multigrano,400,300,8,11,1.28,1.89,0.31,5.56,1387182.94,3.06,3341.46,2024-01-14
Multigrano,950,550,6,11,1.92,1.25,1.16,6.16,1207608.14,1.74,3285.94,2024-01-15
Avena,550,450,17,5,1.03,1.59,1.45,6.2,1104460.85,3.48,3670.65,2024-01-16
Centeno,650,500,18,7,2.71,1.07,1.11,6.49,1117001.65,2.9,3594.27,2024-01-17
Centeno,400,250,9,7,3.62,1.91,1.48,8.16,1298330.18,3.61,3654.46,2024-01-18
Avena,650,300,12,9,3.78,1.38,0.84,8.37,1467253.3,3.78,3154.85,2024-01-19
Multigrano,500,300,15,6,1.96,0.79,1.25,6.62,1118721.92,1.82,3728.93,2024-01-20
Avena,850,300,8,5,3.14,1.95,1.24,8.07,1073201.17,1.7,3461.95,2024-01-21
Multigrano,650,650,14,7,0.97,2.16,0.81,5.76,1013224.95,3.07,3601.05,2024-01-22
Blanco,400,600,17,6,3.57,2.47,0.77,8.25,1178598.83,3.21,3527.74,2024-01-23
Avena,450,550,18,7,2.53,1.41,0.74,6.83,1378039.8,1.59,3661.72,2024-01-24
Integral,300,650,5,14,2.48,1.64,0.15,6.3,1019706.5,2.19,3436.69,2024-01-25
Integral,400,450,18,10,0.92,2.03,1.34,6.22,1169337.0,2.94,3220.12,2024-01-26
Integral,750,300,9,9,1.72,0.77,1.36,6.19,1469848.42,1.74,3698.16,2024-01-27
Multigrano,300,400,18,8,3.78,2.05,0.79,9.25,1369024.26,3.37,3881.72,2024-01-28
Blanco,400,500,10,13,2.27,2.1,0.26,6.39,1307822.09,2.59,3503.33,2024-01-29
Avena,600,350,5,8,3.44,1.39,1.02,7.86,1364152.46,3.83,3968.35,2024-01-30
Integral,700,600,12,9,1.18,1.02,1.42,5.93,1161680.98,1.97,3401.42,2024-01-31
Blanco,950,450,9,6,1.77,1.34,1.47,6.67,1410658.17,1.09,3177.17,2024-02-01
Centeno,950,450,10,8,1.63,0.71,1.09,5.49,1416875.25,2.51,3639.95,2024-02-02
Centeno,350,600,14,14,2.42,2.37,0.73,7.27,1318027.35,4.0,3946.47,2024-02-03
Centeno,850,500,15,5,0.63,1.74,1.23,5.47,1045519.82,2.2,3976.24,2024-02-04
Blanco,800,400,6,9,3.29,1.01,1.0,7.3,1179780.23,1.15,3841.75,2024-02-05
Avena,350,600,8,9,2.59,2.22,1.47,8.79,1126951.53,3.1,3006.1,2024-02-06
Blanco,450,650,18,8,0.92,1.8,0.59,5.32,1222843.21,1.19,3925.24,2024-02-07
Blanco,700,650,14,12,2.16,1.93,0.53,6.04,1242499.1,2.62,3241.35,2024-02-08
Blanco,850,400,16,9,1.69,2.11,0.95,7.71,1329573.49,1.35,3121.38,2024-02-09
Integral,750,450,15,12,2.72,1.22,0.22,6.56,1307001.37,2.62,3057.73,2024-02-10
Integral,600,650,15,6,3.83,0.53,1.47,8.24,1294919.11,3.74,3479.01,2024-02-11
Centeno,500,500,10,11,1.08,1.18,1.49,5.64,1064528.19,3.1,3292.89,2024-02-12
Multigrano,950,400,10,11,0.98,1.25,1.08,4.57,1474550.54,2.48,3524.37,2024-02-13
Centeno,550,300,5,8,3.05,1.91,0.44,6.65,1075885.51,3.42,3744.13,2024-02-14
Avena,950,550,9,10,1.03,0.69,1.27,4.63,1053330.24,3.28,3163.6,2024-02-15
Integral,500,450,8,8,1.0,0.96,0.15,3.77,1062946.61,1.7,3839.3,2024-02-16
Multigrano,450,350,14,11,1.79,0.67,1.42,5.96,1492908.67,3.73,3023.81,2024-02-17
Multigrano,550,550,14,5,0.79,0.81,0.95,5.3,1189098.6,2.9,3063.75,2024-02-18
Multigrano,850,600,12,8,2.73,1.88,0.21,6.21,1411963.21,1.92,3217.86,2024-02-19
Avena,950,450,12,10,2.56,1.01,0.58,6.89,1322356.35,2.06,3548.56,2024-02-20
Multigrano,800,500,13,13,2.5,1.22,1.06,6.99,1405309.17,1.47,3397.99,2024-02-21
Avena,950,500,16,9,2.4,1.25,1.08,6.63,1448068.76,3.42,3794.57,2024-02-22
Blanco,500,200,6,11,2.04,0.61,0.53,5.8,1048883.48,1.02,3337.24,2024-02-23
Avena,800,250,5,13,3.45,1.91,1.17,9.04,1226765.1,2.56,3840.84,2024-02-24
Integral,800,350,18,12,1.94,1.41,0.95,5.79,1460847.97,1.76,3304.34,2024-02-25
Centeno,500,550,8,13,3.26,0.97,1.02,7.66,1437163.61,1.28,3613.98,2024-02-26
Centeno,800,200,8,10,0.99,1.38,1.42,6.45,1390625.1,1.69,3309.3,2024-02-27
Multigrano,450,200,18,5,0.92,2.0,1.29,5.67,1092132.13,3.69,3122.18,2024-02-28
Avena,600,600,11,11,3.71,2.36,0.83,9.47,1471981.14,3.91,3325.47,2024-02-29
Centeno,700,550,11,6,3.84,2.11,1.32,9.38,1017552.18,2.91,3882.09,2024-03-01
Blanco,650,550,11,14,1.35,1.14,1.18,5.12,1391315.89,3.61,3320.8,2024-03-02
Blanco,850,500,18,10,1.19,0.51,1.03,4.53,1211159.05,1.78,3578.32,2024-03-03
Blanco,450,450,17,10,1.92,0.75,0.84,6.09,1083959.08,2.83,3658.13,2024-03-04
Blanco,850,650,17,6,2.73,0.78,1.25,6.62,1158749.17,1.03,3777.91,2024-03-05
Integral,750,500,16,6,3.73,0.62,0.16,6.83,1074696.24,2.52,3607.55,2024-03-06
Multigrano,350,600,8,6,3.0,1.55,0.17,6.09,1410641.48,1.33,3854.72,2024-03-07
Integral,400,300,17,8,2.5,1.09,0.66,6.91,1075443.54,1.53,3768.12,2024-03-08
Centeno,450,350,11,14,2.45,1.05,0.26,5.82,1121365.49,1.1,3392.83,2024-03-09
Centeno,650,350,12,5,3.56,1.54,1.45,8.27,1465166.04,1.89,3966.3,2024-03-10
Centeno,650,600,19,5,3.63,0.62,1.0,7.86,1035604.75,1.6,3650.63,2024-03-11
Avena,850,450,12,8,2.8,1.72,1.49,8.43,1040382.61,3.67,3286.9,2024-03-12
Integral,550,500,18,10,0.51,1.26,0.92,4.79,1328796.15,1.96,3956.45,2024-03-13
Integral,900,350,17,12,1.99,2.28,0.48,6.39,1363967.3,3.04,3300.7,2024-03-14
Blanco,600,550,10,13,2.09,0.99,0.97,6.62,1405308.55,2.79,3308.32,2024-03-15
Blanco,600,500,8,9,1.38,1.8,0.54,5.35,1133729.52,1.88,3306.94,2024-03-16
Centeno,550,550,8,6,2.28,1.7,0.31,6.31,1022078.17,3.4,3591.21,2024-03-17
Blanco,750,600,16,8,3.85,1.75,0.82,7.95,1001249.68,1.66,3267.82,2024-03-18
Integral,600,400,5,9,3.01,1.44,0.12,6.52,1141569.33,3.68,3614.24,2024-03-19
Blanco,900,200,8,7,2.73,0.91,0.4,5.59,1208833.83,2.39,3765.74,2024-03-20
Avena,750,500,10,11,0.84,0.8,0.37,4.88,1477648.13,3.49,3836.65,2024-03-21
Blanco,450,500,8,9,2.36,0.97,0.49,5.51,1456579.85,1.94,3892.18,2024-03-22
Integral,700,300,12,7,2.22,2.3,0.51,7.0,1289039.15,2.56,3896.43,2024-03-23
Blanco,450,600,15,7,2.43,1.54,1.22,7.52,1426595.27,3.42,3617.54,2024-03-24
Blanco,400,550,14,6,2.08,2.36,0.93,7.58,1004566.28,3.84,3697.04,2024-03-25
Avena,750,600,12,7,1.17,2.3,1.02,6.26,1011358.37,1.17,3799.11,2024-03-26
Integral,500,450,11,14,0.58,2.19,0.47,5.16,1008996.04,2.27,3881.76,2024-03-27
Integral,300,500,9,14,1.01,0.66,0.12,3.57,1495953.82,3.11,3638.68,2024-03-28
Integral,850,300,17,13,3.7,2.07,1.26,8.99,1495156.39,3.12,3666.27,2024-03-29
Multigrano,650,250,8,13,3.62,1.96,0.99,10.02,1331550.35,2.74,3520.44,2024-03-30
Blanco,550,600,19,6,2.58,1.45,0.84,6.97,1264743.67,2.83,3240.77,2024-03-31
Avena,700,350,7,10,3.78,1.04,1.5,8.39,1488641.27,2.43,3055.41,2024-04-01
Centeno,800,200,5,13,2.06,1.64,0.6,7.02,1120221.69,2.77,3004.47,2024-04-02
Avena,550,550,12,12,0.66,1.56,0.47,3.87,1399947.8,1.97,3279.6,2024-04-03
Centeno,750,450,13,14,2.78,2.03,0.67,7.57,1396490.47,1.44,3820.45,2024-04-04
Blanco,950,400,10,8,1.31,1.98,1.17,6.91,1321524.06,3.7,3993.65,2024-04-05
Centeno,500,300,11,8,3.43,1.42,1.13,7.72,1109457.72,2.62,3639.74,2024-04-06
Multigrano,750,200,9,7,1.13,1.06,1.06,5.32,1349465.11,1.22,3928.46,2024-04-07
Avena,550,200,9,5,3.48,1.09,1.16,7.47,1433442.73,2.74,3796.63,2024-04-08
Multigrano,400,600,5,10,0.52,1.28,1.46,5.75,1455273.66,2.12,3180.47,2024-04-09
Blanco,400,300,6,13,2.11,2.32,0.97,7.2,1449957.77,3.61,3178.43,2024-04-10
Integral,500,200,6,12,3.78,1.13,1.41,8.66,1017263.84,1.17,3847.63,2024-04-11
Centeno,850,500,5,13,0.59,1.09,1.38,5.7,1116243.19,1.84,3927.66,2024-04-12
Centeno,300,450,7,10,1.11,2.43,0.32,5.66,1406380.2,1.23,3058.09,2024-04-13
Multigrano,400,300,9,9,0.73,1.74,1.34,5.78,1334712.85,2.06,3079.41,2024-04-14
Integral,350,450,7,13,1.52,2.12,1.01,7.0,1177455.23,1.81,3658.07,2024-04-15
Centeno,950,650,15,14,0.74,2.28,0.58,5.53,1485036.59,3.85,3289.61,2024-04-16
Centeno,450,550,13,8,2.22,0.86,1.31,6.4,1159887.15,3.83,3153.33,2024-04-17
Multigrano,950,400,10,14,1.32,0.77,0.45,3.98,1016127.72,2.18,3067.75,2024-04-18
Multigrano,450,550,11,10,3.23,0.93,1.44,7.81,1030050.32,3.31,3410.44,2024-04-19
Multigrano,500,400,7,13,2.07,0.79,0.64,5.22,1223942.49,2.43,3065.29,2024-04-20
Blanco,400,650,12,9,1.37,0.51,1.46,5.88,1166039.72,1.29,3223.61,2024-04-21
Centeno,950,550,10,7,2.33,1.04,1.36,6.63,1095336.8,3.35,3799.94,2024-04-22
Blanco,650,200,7,11,1.43,2.33,0.3,6.18,1064220.56,1.16,3105.25,2024-04-23
Integral,800,250,5,6,3.5,1.49,0.95,8.1,1088413.07,1.47,3628.29,2024-04-24
Centeno,900,200,6,7,0.84,0.8,0.17,3.19,1194141.39,3.12,3242.59,2024-04-25
Blanco,400,300,7,8,2.09,1.01,0.71,5.78,1398923.08,3.07,3833.83,2024-04-26
Integral,400,650,11,7,3.02,1.5,0.57,7.5,1092587.72,1.68,3748.06,2024-04-27
Multigrano,750,200,7,10,1.7,2.13,1.14,6.75,1064073.98,1.74,3585.25,2024-04-28
Centeno,800,300,6,14,1.13,2.32,1.13,6.66,1498398.62,3.5,3797.71,2024-04-29
Integral,450,200,19,12,0.81,2.28,0.13,4.68,1468144.26,3.69,3438.71,2024-04-30
Integral,300,200,19,9,0.97,2.43,1.46,8.18,1317398.07,3.58,3389.51,2024-05-01
Centeno,400,550,19,5,0.98,2.34,1.41,6.93,1323987.21,2.45,3129.16,2024-05-02
Blanco,700,500,6,13,2.53,1.89,1.02,7.18,1168284.95,3.37,3170.88,2024-05-03
Integral,450,250,7,13,0.51,1.04,0.75,3.72,1225264.03,3.03,3449.52,2024-05-04
Blanco,400,300,10,13,1.26,2.1,1.49,7.02,1153024.89,3.8,3234.39,2024-05-05
Blanco,650,550,19,9,3.01,1.7,0.73,7.59,1416947.32,3.02,3176.66,2024-05-06
Multigrano,350,200,8,13,1.43,0.92,0.57,4.94,1124525.48,1.87,3492.5,2024-05-07
Centeno,550,350,7,11,3.62,2.36,0.59,8.78,1227631.15,2.72,3629.13,2024-05-08
Integral,900,200,13,6,0.82,2.42,0.23,5.29,1313161.1,1.16,3755.27,2024-05-09
Centeno,850,400,8,8,2.81,2.14,0.84,7.59,1124890.41,1.18,3167.17,2024-05-10
Centeno,550,600,12,9,0.67,1.05,0.52,5.19,1440386.42,3.92,3199.76,2024-05-11
Multigrano,300,450,17,8,2.48,0.68,0.13,5.9,1039271.05,2.45,3368.31,2024-05-12
Blanco,700,350,19,9,1.98,0.52,0.86,6.23,1015670.92,2.12,3963.96,2024-05-13
Avena,700,400,5,10,3.13,1.9,0.77,7.89,1005885.73,1.43,3906.25,2024-05-14
Avena,850,450,11,12,0.69,0.61,0.54,4.52,1405480.27,1.62,3964.38,2024-05-15
Multigrano,300,600,9,11,2.87,1.97,0.53,7.52,1068981.87,2.28,3739.58,2024-05-16
Blanco,550,350,16,5,1.84,0.76,1.39,6.01,1134307.57,2.62,3198.1,2024-05-17
Integral,950,500,19,6,1.51,2.48,0.68,6.43,1448230.43,2.1,3524.43,2024-05-18
Integral,550,350,7,8,3.28,2.0,1.17,8.54,1172011.59,2.28,3758.16,2024-05-19
Avena,850,400,17,11,3.84,1.21,1.4,8.24,1126775.08,3.76,3916.57,2024-05-20
Integral,300,350,7,12,0.52,1.51,1.26,5.39,1370679.73,1.2,3049.89,2024-05-21
Integral,700,650,11,10,1.37,2.07,1.2,6.56,1173919.84,1.39,3658.14,2024-05-22
Blanco,450,250,19,13,0.95,2.25,1.43,5.39,1138393.28,1.81,3235.53,2024-05-23
Centeno,700,300,12,11,2.54,1.79,0.96,6.7,1490796.33,3.77,3496.17,2024-05-24
Avena,600,250,11,11,3.05,2.39,1.34,8.79,1115220.0,1.09,3958.19,2024-05-25
Centeno,900,450,16,11,3.47,1.47,0.66,7.01,1179697.77,1.4,3988.46,2024-05-26
Avena,700,450,15,11,3.22,0.85,0.38,6.87,1435962.47,1.07,3133.91,2024-05-27
Blanco,600,200,17,10,2.79,1.06,1.3,6.9,1445053.74,1.89,3941.64,2024-05-28
Avena,700,250,14,11,3.14,1.56,1.04,7.5,1367071.1,2.08,3130.62,2024-05-29
Centeno,900,250,13,11,0.78,2.46,0.8,5.69,1109118.36,1.15,3251.17,2024-05-30
Multigrano,900,200,5,10,2.71,1.35,1.47,7.23,1125835.33,1.33,3437.21,2024-05-31
Multigrano,750,600,12,13,3.64,2.06,1.01,9.28,1313608.25,1.75,3752.42,2024-06-01
Multigrano,550,550,6,6,0.96,1.52,0.84,5.02,1091757.13,2.24,3857.17,2024-06-02
Blanco,400,400,16,7,2.97,2.16,0.31,7.67,1460811.74,2.41,3389.9,2024-06-03
Centeno,850,650,10,7,0.58,2.12,0.27,5.46,1476962.49,2.87,3057.12,2024-06-04
Centeno,950,300,11,7,2.27,1.61,0.78,6.69,1415296.29,3.34,3806.65,2024-06-05
Avena,450,650,12,12,2.4,0.95,0.19,4.97,1398537.11,2.13,3220.13,2024-06-06
Centeno,800,500,17,6,3.66,1.8,0.95,8.54,1340671.33,3.56,3740.93,2024-06-07
Centeno,300,550,19,7,3.93,1.73,0.28,7.91,1437027.84,1.01,3156.32,2024-06-08
Blanco,550,350,6,12,2.47,0.65,1.39,6.43,1374214.83,1.62,3242.14,2024-06-09
Centeno,900,500,13,11,2.6,1.24,0.13,5.59,1032155.23,1.66,3918.6,2024-06-10
Multigrano,900,650,12,10,1.25,2.2,0.93,6.08,1348444.8,2.78,3548.19,2024-06-11
Centeno,650,400,7,8,2.66,1.99,0.59,7.55,1133438.78,2.36,3550.15,2024-06-12
Avena,800,550,11,9,0.8,1.96,1.45,5.82,1152057.26,1.3,3532.43,2024-06-13
Avena,800,350,16,13,3.95,1.38,0.81,8.33,1314931.96,2.47,3103.0,2024-06-14
Avena,650,650,17,14,3.63,1.5,0.41,7.5,1013704.4,3.7,3857.36,2024-06-15
Integral,500,200,17,9,0.86,2.07,0.9,6.13,1308453.34,1.27,3300.91,2024-06-16
Avena,350,450,16,5,2.78,1.98,0.19,6.81,1497961.14,3.65,3403.27,2024-06-17
Blanco,800,600,10,8,2.74,1.52,1.06,8.09,1302547.2,2.13,3127.5,2024-06-18
Avena,800,300,9,5,1.58,0.84,0.53,4.98,1220293.04,1.05,3636.64,2024-06-19
Avena,900,350,6,7,3.02,0.89,0.7,6.65,1081779.84,3.28,3204.23,2024-06-20
Centeno,300,250,15,6,1.31,2.17,0.16,5.45,1332800.73,3.56,3740.96,2024-06-21
Multigrano,750,300,18,11,3.29,2.42,0.5,7.73,1019055.0,3.26,3551.97,2024-06-22
Blanco,750,300,8,10,0.64,2.2,0.29,5.29,1375130.64,3.03,3943.04,2024-06-23
Avena,450,400,13,13,1.11,1.34,0.14,4.81,1255464.45,2.6,3737.1,2024-06-24
Avena,550,400,9,14,2.03,1.04,1.24,6.35,1070629.52,1.19,3089.63,2024-06-25
Integral,450,550,13,9,3.58,1.54,0.23,7.84,1321311.67,3.49,3201.57,2024-06-26
Blanco,750,350,8,13,1.31,2.33,0.54,5.97,1363443.18,2.65,3191.98,2024-06-27
Multigrano,650,600,14,8,3.59,1.66,0.97,8.8,1078658.92,1.11,3544.74,2024-06-28
Integral,950,250,7,6,2.19,0.7,0.83,5.8,1262456.11,1.27,3240.54,2024-06-29
Blanco,750,400,19,9,2.71,1.29,0.96,6.16,1185930.37,2.43,3981.27,2024-06-30
Integral,550,650,16,13,3.3,0.54,1.08,7.36,1452065.26,3.49,3880.33,2024-07-01
Multigrano,950,350,19,10,3.28,1.57,0.71,7.16,1173552.23,1.23,3805.79,2024-07-02
Avena,400,350,10,11,3.91,0.68,0.47,7.18,1470908.32,1.56,3980.42,2024-07-03
Centeno,500,350,5,7,1.08,0.74,0.71,4.65,1266221.29,3.32,3504.26,2024-07-04
Avena,600,400,19,14,2.95,0.74,1.23,6.79,1057727.02,2.5,3955.54,2024-07-05
Centeno,900,250,10,9,0.72,2.03,0.78,4.81,1072211.67,2.71,3212.54,2024-07-06
Blanco,850,500,14,10,3.51,1.04,1.41,7.79,1378326.29,3.74,3166.23,2024-07-07
Multigrano,500,450,9,6,0.89,1.18,0.56,4.23,1016507.64,3.06,3010.33,2024-07-08
Avena,450,300,12,12,0.95,0.58,0.91,4.83,1092760.83,2.79,3875.62,2024-07-09
Blanco,650,400,19,6,2.12,2.09,1.33,7.66,1214695.64,1.42,3854.06,2024-07-10
Centeno,450,300,18,13,0.82,2.2,0.25,5.29,1350138.77,3.11,3621.85,2024-07-11
Avena,450,300,15,11,3.82,1.76,1.45,8.98,1406560.85,2.98,3845.64,2024-07-12
Avena,600,250,16,11,2.5,0.96,0.32,6.21,1046980.46,3.52,3167.79,2024-07-13
Multigrano,750,300,13,11,3.18,2.32,0.86,8.59,1385210.25,1.83,3919.08,2024-07-14
Multigrano,950,350,19,5,3.64,1.02,0.58,8.02,1307992.35,3.31,3635.06,2024-07-15
Avena,300,350,9,9,0.6,2.33,0.91,5.24,1358506.4,3.39,3007.46,2024-07-16
Multigrano,600,350,17,7,1.29,1.43,0.75,5.69,1109320.61,2.52,3724.91,2024-07-17
Centeno,700,350,16,13,2.85,0.89,0.98,6.62,1343116.43,2.59,3820.18,2024-07-18
Multigrano,350,500,5,13,2.45,1.71,0.51,6.58,1253327.34,2.26,3347.08,2024-07-19
Blanco,600,600,6,13,3.98,1.62,0.27,7.33,1307407.06,1.53,3425.46,2024-07-20
Multigrano,850,550,9,9,3.47,1.95,0.61,7.09,1042470.23,2.53,3933.51,2024-07-21
Multigrano,500,400,15,14,1.81,2.48,1.33,7.73,1060029.87,1.02,3161.29,2024-07-22
Avena,750,200,15,14,2.76,1.4,0.77,6.74,1475331.15,3.2,3907.32,2024-07-23
Integral,750,450,9,11,3.24,0.69,1.18,6.58,1331876.18,1.58,3356.08,2024-07-24
Blanco,300,250,14,8,2.39,2.16,0.73,6.67,1219991.54,1.39,3405.72,2024-07-25
Blanco,650,650,6,11,0.64,2.0,0.83,5.86,1118419.45,2.75,3598.26,2024-07-26
Multigrano,900,550,14,6,2.43,1.15,0.27,6.23,1388825.05,1.74,3966.99,2024-07-27
Integral,450,350,10,13,2.41,0.67,1.41,6.56,1100954.3,3.66,3795.7,2024-07-28
Centeno,600,300,10,13,2.2,1.11,0.78,5.88,1176667.15,3.81,3560.55,2024-07-29
Avena,800,550,10,6,2.43,0.61,1.0,6.34,1262725.61,3.83,3020.55,2024-07-30
Avena,300,550,5,5,3.79,2.23,0.76,9.57,1206388.5,3.29,3817.78,2024-07-31
Multigrano,800,550,6,12,3.39,2.18,1.45,9.07,1075672.33,3.63,3257.79,2024-08-01
Centeno,800,350,17,13,0.87,0.76,1.12,4.63,1141334.3,2.62,3417.17,2024-08-02
Multigrano,350,250,9,8,2.39,1.44,0.81,6.68,1071739.69,2.51,3635.63,2024-08-03
Blanco,800,600,9,10,1.94,1.47,1.23,6.64,1274317.17,2.7,3732.27,2024-08-04
Multigrano,550,250,9,9,3.29,1.7,0.44,7.22,1035486.99,1.98,3002.14,2024-08-05
Integral,800,500,19,6,0.91,2.29,0.85,6.38,1229188.07,3.29,3482.6,2024-08-06
Centeno,500,650,15,12,0.98,1.58,1.17,6.04,1077445.02,1.47,3223.06,2024-08-07
Integral,700,600,18,12,1.66,0.75,1.21,5.95,1284312.68,1.02,3664.91,2024-08-08
Avena,700,600,16,10,2.27,2.07,0.68,6.46,1069929.29,2.67,3519.95,2024-08-09
Centeno,800,400,11,9,3.59,1.76,1.38,8.74,1092506.66,3.24,3705.33,2024-08-10
Blanco,900,450,18,5,2.05,1.42,0.21,6.24,1266250.44,1.52,3821.72,2024-08-11
Avena,950,300,15,8,2.27,2.09,0.55,6.46,1269744.05,1.26,3732.31,2024-08-12
Avena,800,300,14,5,2.2,2.33,1.44,7.26,1410652.69,2.61,3571.77,2024-08-13
Centeno,450,550,16,5,2.26,2.48,1.12,7.6,1260744.18,3.24,3957.23,2024-08-14
Avena,650,400,16,11,1.37,2.25,0.87,6.36,1353489.85,1.74,3203.73,2024-08-15
Integral,750,250,6,11,1.26,1.71,0.79,5.97,1095500.01,2.81,3560.61,2024-08-16
Integral,300,300,16,5,0.6,1.27,1.35,5.08,1488501.26,3.22,3378.08,2024-08-17
Blanco,950,350,15,6,3.54,1.64,1.24,7.95,1276882.16,3.3,3117.69,2024-08-18
Avena,950,600,11,9,2.29,1.92,1.47,8.1,1179411.71,1.5,3416.71,2024-08-19
Blanco,450,300,16,13,0.78,0.58,1.45,4.82,1472452.29,1.41,3303.05,2024-08-20
Multigrano,550,300,15,11,2.78,1.53,0.5,6.06,1456412.63,1.34,3518.9,2024-08-21
Multigrano,500,300,18,8,1.79,0.58,1.43,5.84,1490704.53,1.71,3851.75,2024-08-22
Avena,900,550,11,11,3.98,1.29,0.23,6.9,1138791.95,3.87,3354.84,2024-08-23
Multigrano,550,550,7,5,2.53,2.37,1.42,8.9,1089645.52,2.9,3499.58,2024-08-24
Centeno,950,200,12,11,2.74,2.17,1.4,8.04,1307735.4,1.39,3143.0,2024-08-25
Avena,850,200,19,8,2.14,2.44,0.43,7.43,1265124.87,1.18,3910.68,2024-08-26
Centeno,650,250,7,7,3.43,1.99,1.27,8.65,1010013.31,1.44,3732.58,2024-08-27
Integral,650,300,19,10,3.0,1.25,1.25,7.58,1202140.5,1.82,3342.11,2024-08-28
Centeno,600,650,6,5,3.04,1.99,0.26,6.42,1187515.04,2.41,3460.42,2024-08-29
Blanco,500,250,16,11,2.87,0.94,0.63,5.58,1372212.4,3.7,3014.9,2024-08-30
Blanco,550,400,12,7,0.87,1.15,0.41,4.57,1398551.5,3.96,3231.94,2024-08-31
Integral,400,650,8,6,3.23,1.38,0.61,6.5,1376762.66,2.02,3099.51,2024-09-01
Multigrano,300,300,13,12,2.49,0.56,0.29,5.7,1098315.41,3.94,3920.37,2024-09-02
Blanco,900,650,16,7,1.83,1.4,0.81,5.28,1232449.07,3.77,3381.65,2024-09-03
Multigrano,400,400,19,6,2.56,1.61,1.34,6.82,1422367.89,2.4,3931.91,2024-09-04
Avena,300,250,10,9,2.88,0.61,0.4,6.04,1417141.24,1.64,3142.28,2024-09-05
Blanco,400,350,8,7,1.52,2.49,0.2,6.22,1385940.01,1.38,3617.83,2024-09-06
Integral,400,500,13,14,1.3,0.76,0.43,4.89,1152681.45,3.16,3319.98,2024-09-07
Multigrano,400,500,8,7,3.83,1.16,0.51,8.09,1280982.16,2.21,3092.67,2024-09-08
Multigrano,650,300,6,12,3.96,0.95,1.41,8.47,1334090.5,2.34,3171.71,2024-09-09
Integral,450,600,12,13,1.42,1.28,1.47,6.33,1482038.17,1.28,3378.76,2024-09-10
Centeno,400,300,12,12,3.86,1.65,0.81,8.16,1165494.44,3.33,3623.3,2024-09-11
Centeno,800,650,14,13,1.05,1.84,1.38,6.07,1285228.19,1.8,3224.49,2024-09-12
Centeno,600,450,12,11,1.09,1.33,0.43,4.58,1396777.76,1.94,3307.21,2024-09-13
Blanco,700,350,5,13,3.54,2.07,0.61,8.47,1256245.6,1.33,3944.67,2024-09-14
Avena,950,250,9,8,1.79,2.3,0.43,6.88,1044793.56,3.06,3901.01,2024-09-15
Avena,400,600,13,5,2.28,1.34,1.23,6.7,1219656.09,1.42,3911.41,2024-09-16
Centeno,750,600,10,6,2.41,2.0,1.46,8.31,1331370.17,3.85,3657.64,2024-09-17
Centeno,550,600,9,11,2.14,1.84,0.56,6.11,1193791.77,2.67,3278.45,2024-09-18
Multigrano,600,350,14,8,2.43,0.69,1.11,5.64,1458584.0,2.42,3059.17,2024-09-19
Avena,600,200,11,10,0.98,1.33,0.12,4.26,1402472.18,3.49,3672.86,2024-09-20
Avena,550,200,17,5,3.24,1.88,1.11,8.76,1492866.86,2.33,3278.83,2024-09-21
Blanco,350,450,8,9,1.26,0.74,0.58,4.11,1448549.52,2.84,3061.79,2024-09-22
Centeno,350,500,13,12,3.34,0.67,0.44,5.93,1474130.05,1.13,3547.11,2024-09-23
Blanco,550,650,17,5,2.0,2.44,0.27,7.08,1358212.53,1.03,3403.52,2024-09-24
Blanco,600,500,8,6,0.55,2.12,0.94,5.37,1097347.81,3.48,3032.48,2024-09-25
Avena,750,200,17,7,1.14,1.86,0.4,5.45,1156001.55,2.43,3089.41,2024-09-26
